phase,scheduler,n_ues,spatial,traffic,run_id,cell_throughput_mbps,jain_index,mean_delay_ms,plr,n_ues_active,n_ues_total
phase2_group_a,bet,10,clustered,homogeneous,1,6.336,0.99982,4.7724,0.016967,10,10
phase2_group_a,bet,10,clustered,homogeneous,2,6.9873,0.999907,4.7956,0.014034,10,10
phase2_group_a,bet,10,clustered,homogeneous,3,5.8588,0.999809,4.7294,0.018919,10,10
phase2_group_a,bet,10,clustered,homogeneous,4,6.7699,0.999838,4.5532,0.016275,10,10
phase2_group_a,bet,10,clustered,homogeneous,5,6.8271,0.999806,4.6256,0.015459,10,10
phase2_group_a,bet,10,clustered,homogeneous,6,6.413,0.999828,4.6827,0.01685,10,10
phase2_group_a,bet,10,clustered,homogeneous,7,5.9465,0.999778,4.7915,0.018113,10,10
phase2_group_a,bet,10,clustered,homogeneous,8,5.9731,0.999765,4.6136,0.018032,10,10
phase2_group_a,bet,10,clustered,homogeneous,9,6.1905,0.999843,4.7751,0.017354,10,10
phase2_group_a,bet,10,clustered,homogeneous,10,6.9468,0.999877,4.7061,0.014333,10,10
phase2_group_a,bet,10,clustered,homogeneous,11,6.6765,0.99987,4.764,0.014856,10,10
phase2_group_a,bet,10,clustered,homogeneous,12,7.0403,0.999876,4.5529,0.014899,10,10
phase2_group_a,bet,10,clustered,homogeneous,13,6.4753,0.99988,4.7418,0.015623,10,10
phase2_group_a,bet,10,clustered,homogeneous,14,6.7502,0.999835,4.6699,0.014903,10,10
phase2_group_a,bet,10,clustered,homogeneous,15,7.0573,0.999911,4.7606,0.013556,10,10
phase2_group_a,bet,10,clustered,homogeneous,16,6.6703,0.999831,4.7034,0.016595,10,10
phase2_group_a,bet,10,clustered,homogeneous,17,6.3763,0.999879,4.7334,0.015658,10,10
phase2_group_a,bet,10,clustered,homogeneous,18,6.9392,0.999834,4.6325,0.014261,10,10
phase2_group_a,bet,10,clustered,homogeneous,19,6.9587,0.999777,4.4299,0.0149,10,10
phase2_group_a,bet,10,clustered,homogeneous,20,6.3513,0.999789,4.5717,0.01706,10,10
phase2_group_a,bet,20,clustered,homogeneous,1,5.7044,0.99963,5.0107,0.025238,20,20
phase2_group_a,bet,20,clustered,homogeneous,2,6.104,0.999621,4.875,0.023414,20,20
phase2_group_a,bet,20,clustered,homogeneous,3,5.3472,0.999507,4.9746,0.026853,20,20
phase2_group_a,bet,20,clustered,homogeneous,4,6.0543,0.999557,4.7914,0.024009,20,20
phase2_group_a,bet,20,clustered,homogeneous,5,6.265,0.9995,4.6829,0.023277,20,20
phase2_group_a,bet,20,clustered,homogeneous,6,5.9997,0.999621,4.8488,0.02331,20,20
phase2_group_a,bet,20,clustered,homogeneous,7,5.9748,0.99956,4.8493,0.023544,20,20
phase2_group_a,bet,20,clustered,homogeneous,8,5.6901,0.999463,4.781,0.025621,20,20
phase2_group_a,bet,20,clustered,homogeneous,9,5.9026,0.999556,4.8469,0.023732,20,20
phase2_group_a,bet,20,clustered,homogeneous,10,6.514,0.999637,4.8106,0.020572,20,20
phase2_group_a,bet,20,clustered,homogeneous,11,5.9672,0.999687,4.9943,0.023123,20,20
phase2_group_a,bet,20,clustered,homogeneous,12,6.4824,0.99964,4.7847,0.021556,20,20
phase2_group_a,bet,20,clustered,homogeneous,13,5.6753,0.999591,4.9477,0.025294,20,20
phase2_group_a,bet,20,clustered,homogeneous,14,5.7418,0.999509,4.8694,0.024199,20,20
phase2_group_a,bet,20,clustered,homogeneous,15,5.9516,0.999578,4.8679,0.023137,20,20
phase2_group_a,bet,20,clustered,homogeneous,16,6.1789,0.999588,4.8219,0.022084,20,20
phase2_group_a,bet,20,clustered,homogeneous,17,5.5767,0.999605,4.9159,0.025682,20,20
phase2_group_a,bet,20,clustered,homogeneous,18,6.0701,0.999648,4.925,0.023154,20,20
phase2_group_a,bet,20,clustered,homogeneous,19,6.3619,0.999617,4.7944,0.021563,20,20
phase2_group_a,bet,20,clustered,homogeneous,20,5.9071,0.999545,4.8208,0.023345,20,20
phase2_group_a,bet,40,clustered,homogeneous,1,5.987,0.998684,4.9668,0.033112,40,40
phase2_group_a,bet,40,clustered,homogeneous,2,6.0411,0.998684,4.9831,0.03396,40,40
phase2_group_a,bet,40,clustered,homogeneous,3,5.4059,0.998581,5.0385,0.035145,40,40
phase2_group_a,bet,40,clustered,homogeneous,4,5.7866,0.998669,4.9961,0.034278,40,40
phase2_group_a,bet,40,clustered,homogeneous,5,6.2372,0.998632,4.8677,0.033036,40,40
phase2_group_a,bet,40,clustered,homogeneous,6,5.9189,0.998506,4.9029,0.034452,40,40
phase2_group_a,bet,40,clustered,homogeneous,7,5.9803,0.998589,4.9463,0.034075,40,40
phase2_group_a,bet,40,clustered,homogeneous,8,6.0715,0.998686,4.9594,0.033263,40,40
phase2_group_a,bet,40,clustered,homogeneous,9,6.1122,0.998547,4.8794,0.033089,40,40
phase2_group_a,bet,40,clustered,homogeneous,10,6.2625,0.998638,4.8905,0.032877,40,40
phase2_group_a,bet,40,clustered,homogeneous,11,5.8729,0.998722,4.991,0.033317,40,40
phase2_group_a,bet,40,clustered,homogeneous,12,6.2889,0.998762,4.9115,0.031888,40,40
phase2_group_a,bet,40,clustered,homogeneous,13,5.8909,0.998612,4.9454,0.033837,40,40
phase2_group_a,bet,40,clustered,homogeneous,14,5.5919,0.998408,4.9593,0.03612,40,40
phase2_group_a,bet,40,clustered,homogeneous,15,6.006,0.998612,4.9656,0.034469,40,40
phase2_group_a,bet,40,clustered,homogeneous,16,6.1924,0.998568,4.891,0.033775,40,40
phase2_group_a,bet,40,clustered,homogeneous,17,5.9404,0.998847,5.0199,0.032063,40,40
phase2_group_a,bet,40,clustered,homogeneous,18,5.827,0.998503,4.936,0.034217,40,40
phase2_group_a,bet,40,clustered,homogeneous,19,6.4178,0.998804,4.8933,0.031271,40,40
phase2_group_a,bet,40,clustered,homogeneous,20,5.7572,0.998449,4.9287,0.034391,40,40
phase2_group_a,bet,10,uniform,homogeneous,1,4.2821,0.999757,4.9268,0.027003,10,10
phase2_group_a,bet,10,uniform,homogeneous,2,5.4181,0.999757,4.8833,0.020346,10,10
phase2_group_a,bet,10,uniform,homogeneous,3,4.475,0.99982,4.9117,0.024861,10,10
phase2_group_a,bet,10,uniform,homogeneous,4,4.0586,0.999778,4.9573,0.02833,10,10
phase2_group_a,bet,10,uniform,homogeneous,5,3.9988,0.99976,4.9739,0.028339,10,10
phase2_group_a,bet,10,uniform,homogeneous,6,4.9522,0.999793,4.8802,0.022454,10,10
phase2_group_a,bet,10,uniform,homogeneous,7,7.3946,0.999916,4.6252,0.013306,10,10
phase2_group_a,bet,10,uniform,homogeneous,8,4.7878,0.999841,4.9156,0.022769,10,10
phase2_group_a,bet,10,uniform,homogeneous,9,4.5905,0.999745,4.8838,0.02508,10,10
phase2_group_a,bet,10,uniform,homogeneous,10,5.9708,0.999719,4.6928,0.017846,10,10
phase2_group_a,bet,10,uniform,homogeneous,11,5.172,0.99991,4.9135,0.021202,10,10
phase2_group_a,bet,10,uniform,homogeneous,12,5.0904,0.999871,4.9223,0.022702,10,10
phase2_group_a,bet,10,uniform,homogeneous,13,3.7988,0.999687,4.9283,0.031006,10,10
phase2_group_a,bet,10,uniform,homogeneous,14,5.4091,0.999761,4.7308,0.019945,10,10
phase2_group_a,bet,10,uniform,homogeneous,15,5.5842,0.999956,4.913,0.019677,10,10
phase2_group_a,bet,10,uniform,homogeneous,16,5.9038,0.999864,4.7965,0.018956,10,10
phase2_group_a,bet,10,uniform,homogeneous,17,3.8722,0.999781,4.9443,0.02739,10,10
phase2_group_a,bet,10,uniform,homogeneous,18,4.0595,0.99981,4.9783,0.027984,10,10
phase2_group_a,bet,10,uniform,homogeneous,19,4.0406,0.999716,4.9582,0.02906,10,10
phase2_group_a,bet,10,uniform,homogeneous,20,5.4848,0.999907,4.8844,0.019806,10,10
phase2_group_a,bet,20,uniform,homogeneous,1,3.7318,0.999572,5.1459,0.038299,20,20
phase2_group_a,bet,20,uniform,homogeneous,2,5.0548,0.999638,5.0511,0.028251,20,20
phase2_group_a,bet,20,uniform,homogeneous,3,5.2464,0.999598,4.9867,0.027324,20,20
phase2_group_a,bet,20,uniform,homogeneous,4,4.0347,0.999812,5.1789,0.035647,20,20
phase2_group_a,bet,20,uniform,homogeneous,5,3.6954,0.999775,5.166,0.037471,20,20
phase2_group_a,bet,20,uniform,homogeneous,6,4.9677,0.999618,5.0575,0.028734,20,20
phase2_group_a,bet,20,uniform,homogeneous,7,5.3441,0.999629,4.9712,0.026735,20,20
phase2_group_a,bet,20,uniform,homogeneous,8,4.4433,0.99973,5.1218,0.031862,20,20
phase2_group_a,bet,20,uniform,homogeneous,9,3.9761,0.999565,5.1199,0.036381,20,20
phase2_group_a,bet,20,uniform,homogeneous,10,4.8848,0.99954,5.0091,0.029297,20,20
phase2_group_a,bet,20,uniform,homogeneous,11,4.3224,0.999626,5.0965,0.034338,20,20
phase2_group_a,bet,20,uniform,homogeneous,12,3.6243,0.999563,5.1314,0.040977,20,20
phase2_group_a,bet,20,uniform,homogeneous,13,3.7134,0.999637,5.1417,0.039034,20,20
phase2_group_a,bet,20,uniform,homogeneous,14,3.9819,0.999321,5.0461,0.034753,20,20
phase2_group_a,bet,20,uniform,homogeneous,15,4.2394,0.999653,5.1739,0.035714,20,20
phase2_group_a,bet,20,uniform,homogeneous,16,4.6605,0.999528,4.9855,0.032609,20,20
phase2_group_a,bet,20,uniform,homogeneous,17,3.4444,0.999254,5.051,0.041339,20,20
phase2_group_a,bet,20,uniform,homogeneous,18,4.1088,0.999786,5.1799,0.0341,20,20
phase2_group_a,bet,20,uniform,homogeneous,19,4.1092,0.999347,5.0167,0.035552,20,20
phase2_group_a,bet,20,uniform,homogeneous,20,4.7229,0.999601,5.0646,0.032126,20,20
phase2_group_a,bet,40,uniform,homogeneous,1,3.745,0.99826,5.3012,0.047612,40,40
phase2_group_a,bet,40,uniform,homogeneous,2,4.5138,0.998701,5.2329,0.04209,40,40
phase2_group_a,bet,40,uniform,homogeneous,3,5.3635,0.998647,5.0543,0.035514,40,40
phase2_group_a,bet,40,uniform,homogeneous,4,3.5128,0.999029,5.4269,0.04926,40,40
phase2_group_a,bet,40,uniform,homogeneous,5,3.4235,0.998444,5.396,0.049583,40,40
phase2_group_a,bet,40,uniform,homogeneous,6,4.087,0.998257,5.2311,0.045582,40,40
phase2_group_a,bet,40,uniform,homogeneous,7,4.06,0.998696,5.2891,0.044004,40,40
phase2_group_a,bet,40,uniform,homogeneous,8,3.849,0.998351,5.2554,0.046662,40,40
phase2_group_a,bet,40,uniform,homogeneous,9,3.9975,0.998313,5.2791,0.044988,40,40
phase2_group_a,bet,40,uniform,homogeneous,10,4.2654,0.99809,5.2088,0.043697,40,40
phase2_group_a,bet,40,uniform,homogeneous,11,3.6008,0.998506,5.3499,0.048481,40,40
phase2_group_a,bet,40,uniform,homogeneous,12,3.3101,0.999231,5.4735,0.049662,40,40
phase2_group_a,bet,40,uniform,homogeneous,13,3.6261,0.998677,5.3818,0.048056,40,40
phase2_group_a,bet,40,uniform,homogeneous,14,3.9185,0.998399,5.2983,0.045694,40,40
phase2_group_a,bet,40,uniform,homogeneous,15,4.2804,0.998623,5.2334,0.043575,40,40
phase2_group_a,bet,40,uniform,homogeneous,16,3.7804,0.99819,5.2512,0.047208,40,40
phase2_group_a,bet,40,uniform,homogeneous,17,3.8112,0.998651,5.3447,0.04631,40,40
phase2_group_a,bet,40,uniform,homogeneous,18,4.0741,0.998346,5.2395,0.043625,40,40
phase2_group_a,bet,40,uniform,homogeneous,19,3.8013,0.998187,5.2751,0.048104,40,40
phase2_group_a,bet,40,uniform,homogeneous,20,3.8153,0.998881,5.3584,0.046541,40,40
phase2_group_a,mlwdf,10,clustered,homogeneous,1,18.4963,0.73721,3.2707,0.002476,10,10
phase2_group_a,mlwdf,10,clustered,homogeneous,2,19.1052,0.767359,3.2984,0.001618,10,10
phase2_group_a,mlwdf,10,clustered,homogeneous,3,18.0984,0.70698,3.2521,0.002285,10,10
phase2_group_a,mlwdf,10,clustered,homogeneous,4,19.8459,0.72733,3.2308,0.002148,10,10
phase2_group_a,mlwdf,10,clustered,homogeneous,5,20.134,0.745725,3.2526,0.002091,10,10
phase2_group_a,mlwdf,10,clustered,homogeneous,6,18.7631,0.729074,3.2545,0.002511,10,10
phase2_group_a,mlwdf,10,clustered,homogeneous,7,18.6326,0.723391,3.2801,0.002503,10,10
phase2_group_a,mlwdf,10,clustered,homogeneous,8,18.6034,0.697697,3.2423,0.00254,10,10
phase2_group_a,mlwdf,10,clustered,homogeneous,9,18.0589,0.724909,3.2739,0.002249,10,10
phase2_group_a,mlwdf,10,clustered,homogeneous,10,20.0445,0.748068,3.2791,0.001784,10,10
phase2_group_a,mlwdf,10,clustered,homogeneous,11,19.1423,0.756028,3.2943,0.001885,10,10
phase2_group_a,mlwdf,10,clustered,homogeneous,12,19.5929,0.727163,3.2233,0.00171,10,10
phase2_group_a,mlwdf,10,clustered,homogeneous,13,18.5575,0.74236,3.2726,0.002131,10,10
phase2_group_a,mlwdf,10,clustered,homogeneous,14,19.9577,0.745045,3.2725,0.002006,10,10
phase2_group_a,mlwdf,10,clustered,homogeneous,15,19.6295,0.748844,3.2914,0.001679,10,10
phase2_group_a,mlwdf,10,clustered,homogeneous,16,19.5044,0.747229,3.2829,0.001918,10,10
phase2_group_a,mlwdf,10,clustered,homogeneous,17,18.1851,0.740118,3.254,0.001848,10,10
phase2_group_a,mlwdf,10,clustered,homogeneous,18,20.3703,0.744961,3.2706,0.002102,10,10
phase2_group_a,mlwdf,10,clustered,homogeneous,19,20.5604,0.735896,3.1887,0.002483,10,10
phase2_group_a,mlwdf,10,clustered,homogeneous,20,19.5801,0.715179,3.2382,0.002342,10,10
phase2_group_a,mlwdf,20,clustered,homogeneous,1,18.645,0.759077,3.2745,0.00284,20,20
phase2_group_a,mlwdf,20,clustered,homogeneous,2,19.5892,0.750458,3.2776,0.002055,20,20
phase2_group_a,mlwdf,20,clustered,homogeneous,3,18.3656,0.736016,3.2721,0.002426,20,20
phase2_group_a,mlwdf,20,clustered,homogeneous,4,19.4069,0.739062,3.2333,0.002347,20,20
phase2_group_a,mlwdf,20,clustered,homogeneous,5,20.1556,0.746674,3.227,0.002254,20,20
phase2_group_a,mlwdf,20,clustered,homogeneous,6,19.0201,0.744033,3.2476,0.002276,20,20
phase2_group_a,mlwdf,20,clustered,homogeneous,7,19.4321,0.737294,3.2644,0.002185,20,20
phase2_group_a,mlwdf,20,clustered,homogeneous,8,19.1617,0.731285,3.2354,0.002702,20,20
phase2_group_a,mlwdf,20,clustered,homogeneous,9,19.405,0.73943,3.2624,0.002335,20,20
phase2_group_a,mlwdf,20,clustered,homogeneous,10,20.2153,0.758983,3.25,0.001733,20,20
phase2_group_a,mlwdf,20,clustered,homogeneous,11,19.0614,0.76606,3.2834,0.002205,20,20
phase2_group_a,mlwdf,20,clustered,homogeneous,12,19.8342,0.759359,3.2432,0.001479,20,20
phase2_group_a,mlwdf,20,clustered,homogeneous,13,18.5504,0.741759,3.2644,0.002623,20,20
phase2_group_a,mlwdf,20,clustered,homogeneous,14,19.6971,0.736384,3.2888,0.002769,20,20
phase2_group_a,mlwdf,20,clustered,homogeneous,15,19.4102,0.741275,3.2639,0.002069,20,20
phase2_group_a,mlwdf,20,clustered,homogeneous,16,20.3136,0.752182,3.2688,0.00225,20,20
phase2_group_a,mlwdf,20,clustered,homogeneous,17,18.1125,0.740457,3.2523,0.002571,20,20
phase2_group_a,mlwdf,20,clustered,homogeneous,18,19.4023,0.760058,3.2672,0.002221,20,20
phase2_group_a,mlwdf,20,clustered,homogeneous,19,19.7494,0.768381,3.2193,0.002158,20,20
phase2_group_a,mlwdf,20,clustered,homogeneous,20,19.6372,0.738492,3.2532,0.002913,20,20
phase2_group_a,mlwdf,40,clustered,homogeneous,1,20.2769,0.770955,3.2444,0.002349,40,40
phase2_group_a,mlwdf,40,clustered,homogeneous,2,20.207,0.768569,3.2586,0.001969,40,40
phase2_group_a,mlwdf,40,clustered,homogeneous,3,19.3281,0.751334,3.26,0.002436,40,40
phase2_group_a,mlwdf,40,clustered,homogeneous,4,19.8169,0.769334,3.2401,0.002458,40,40
phase2_group_a,mlwdf,40,clustered,homogeneous,5,20.736,0.773371,3.2266,0.00213,40,40
phase2_group_a,mlwdf,40,clustered,homogeneous,6,20.0194,0.757305,3.232,0.002248,40,40
phase2_group_a,mlwdf,40,clustered,homogeneous,7,20.3581,0.764524,3.2466,0.002062,40,40
phase2_group_a,mlwdf,40,clustered,homogeneous,8,20.7096,0.775505,3.2504,0.001925,40,40
phase2_group_a,mlwdf,40,clustered,homogeneous,9,20.8376,0.768668,3.2391,0.002475,40,40
phase2_group_a,mlwdf,40,clustered,homogeneous,10,20.7018,0.766474,3.2472,0.001966,40,40
phase2_group_a,mlwdf,40,clustered,homogeneous,11,19.8254,0.76609,3.2438,0.002253,40,40
phase2_group_a,mlwdf,40,clustered,homogeneous,12,20.7639,0.783093,3.2345,0.002117,40,40
phase2_group_a,mlwdf,40,clustered,homogeneous,13,20.1228,0.759489,3.2391,0.002044,40,40
phase2_group_a,mlwdf,40,clustered,homogeneous,14,19.9756,0.749946,3.2501,0.002031,40,40
phase2_group_a,mlwdf,40,clustered,homogeneous,15,20.3954,0.772486,3.2549,0.002146,40,40
phase2_group_a,mlwdf,40,clustered,homogeneous,16,20.6943,0.766417,3.2365,0.002066,40,40
phase2_group_a,mlwdf,40,clustered,homogeneous,17,19.9463,0.774837,3.257,0.002021,40,40
phase2_group_a,mlwdf,40,clustered,homogeneous,18,20.1832,0.76013,3.2452,0.002485,40,40
phase2_group_a,mlwdf,40,clustered,homogeneous,19,20.7471,0.77807,3.2217,0.001908,40,40
phase2_group_a,mlwdf,40,clustered,homogeneous,20,20.1978,0.751959,3.2523,0.002328,40,40
phase2_group_a,mlwdf,10,uniform,homogeneous,1,12.987,0.716144,3.2227,0.00414,10,10
phase2_group_a,mlwdf,10,uniform,homogeneous,2,16.4528,0.754825,3.2614,0.003518,10,10
phase2_group_a,mlwdf,10,uniform,homogeneous,3,12.671,0.783624,3.2084,0.003797,10,10
phase2_group_a,mlwdf,10,uniform,homogeneous,4,12.0432,0.729012,3.2209,0.004351,10,10
phase2_group_a,mlwdf,10,uniform,homogeneous,5,11.6945,0.740259,3.2321,0.004779,10,10
phase2_group_a,mlwdf,10,uniform,homogeneous,6,14.5077,0.733549,3.2349,0.003312,10,10
phase2_group_a,mlwdf,10,uniform,homogeneous,7,19.3393,0.769354,3.2237,0.001331,10,10
phase2_group_a,mlwdf,10,uniform,homogeneous,8,12.4381,0.855562,3.1816,0.003597,10,10
phase2_group_a,mlwdf,10,uniform,homogeneous,9,14.392,0.657617,3.2544,0.003454,10,10
phase2_group_a,mlwdf,10,uniform,homogeneous,10,18.9061,0.731356,3.2576,0.002874,10,10
phase2_group_a,mlwdf,10,uniform,homogeneous,11,13.5224,0.758154,3.2347,0.002534,10,10
phase2_group_a,mlwdf,10,uniform,homogeneous,12,13.8879,0.775085,3.218,0.003133,10,10
phase2_group_a,mlwdf,10,uniform,homogeneous,13,11.9826,0.680945,3.2194,0.006073,10,10
phase2_group_a,mlwdf,10,uniform,homogeneous,14,17.4208,0.677901,3.2531,0.003351,10,10
phase2_group_a,mlwdf,10,uniform,homogeneous,15,13.49,0.871749,3.2078,0.002446,10,10
phase2_group_a,mlwdf,10,uniform,homogeneous,16,16.2493,0.752338,3.2116,0.002333,10,10
phase2_group_a,mlwdf,10,uniform,homogeneous,17,11.727,0.646618,3.2265,0.004691,10,10
phase2_group_a,mlwdf,10,uniform,homogeneous,18,11.1068,0.823024,3.1926,0.004705,10,10
phase2_group_a,mlwdf,10,uniform,homogeneous,19,12.2297,0.730564,3.2171,0.006167,10,10
phase2_group_a,mlwdf,10,uniform,homogeneous,20,14.1626,0.805861,3.2147,0.002289,10,10
phase2_group_a,mlwdf,20,uniform,homogeneous,1,12.7432,0.750825,3.2041,0.004503,20,20
phase2_group_a,mlwdf,20,uniform,homogeneous,2,16.223,0.755244,3.2249,0.002849,20,20
phase2_group_a,mlwdf,20,uniform,homogeneous,3,17.0854,0.745502,3.2203,0.002797,20,20
phase2_group_a,mlwdf,20,uniform,homogeneous,4,12.2515,0.823683,3.1865,0.003194,20,20
phase2_group_a,mlwdf,20,uniform,homogeneous,5,11.3142,0.816805,3.1781,0.004154,20,20
phase2_group_a,mlwdf,20,uniform,homogeneous,6,16.5765,0.747685,3.2541,0.002791,20,20
phase2_group_a,mlwdf,20,uniform,homogeneous,7,16.6473,0.748177,3.2045,0.002712,20,20
phase2_group_a,mlwdf,20,uniform,homogeneous,8,14.1956,0.773061,3.196,0.003296,20,20
phase2_group_a,mlwdf,20,uniform,homogeneous,9,13.0397,0.718919,3.2128,0.004125,20,20
phase2_group_a,mlwdf,20,uniform,homogeneous,10,16.6263,0.732948,3.2236,0.003307,20,20
phase2_group_a,mlwdf,20,uniform,homogeneous,11,13.8672,0.737608,3.2123,0.003521,20,20
phase2_group_a,mlwdf,20,uniform,homogeneous,12,12.3205,0.747802,3.1905,0.004698,20,20
phase2_group_a,mlwdf,20,uniform,homogeneous,13,12.3841,0.75087,3.1904,0.004528,20,20
phase2_group_a,mlwdf,20,uniform,homogeneous,14,14.3086,0.655511,3.2317,0.003984,20,20
phase2_group_a,mlwdf,20,uniform,homogeneous,15,13.757,0.791537,3.1971,0.003416,20,20
phase2_group_a,mlwdf,20,uniform,homogeneous,16,15.1627,0.728938,3.1751,0.002807,20,20
phase2_group_a,mlwdf,20,uniform,homogeneous,17,12.1816,0.642079,3.1941,0.005106,20,20
phase2_group_a,mlwdf,20,uniform,homogeneous,18,12.5154,0.83649,3.1735,0.003528,20,20
phase2_group_a,mlwdf,20,uniform,homogeneous,19,14.7889,0.70586,3.2029,0.004211,20,20
phase2_group_a,mlwdf,20,uniform,homogeneous,20,15.1399,0.733644,3.2202,0.003279,20,20
phase2_group_a,mlwdf,40,uniform,homogeneous,1,14.393,0.724855,3.1898,0.004472,40,40
phase2_group_a,mlwdf,40,uniform,homogeneous,2,16.0417,0.75333,3.2048,0.00288,40,40
phase2_group_a,mlwdf,40,uniform,homogeneous,3,18.6951,0.762992,3.2287,0.002595,40,40
phase2_group_a,mlwdf,40,uniform,homogeneous,4,12.3993,0.78563,3.1721,0.004313,40,40
phase2_group_a,mlwdf,40,uniform,homogeneous,5,12.7149,0.712299,3.1799,0.004011,40,40
phase2_group_a,mlwdf,40,uniform,homogeneous,6,15.6384,0.724052,3.2058,0.003849,40,40
phase2_group_a,mlwdf,40,uniform,homogeneous,7,14.4079,0.754711,3.176,0.003254,40,40
phase2_group_a,mlwdf,40,uniform,homogeneous,8,14.2387,0.729884,3.1765,0.003558,40,40
phase2_group_a,mlwdf,40,uniform,homogeneous,9,14.9802,0.715592,3.2067,0.0037,40,40
phase2_group_a,mlwdf,40,uniform,homogeneous,10,16.5169,0.719272,3.2219,0.003495,40,40
phase2_group_a,mlwdf,40,uniform,homogeneous,11,13.4937,0.726418,3.1912,0.004104,40,40
phase2_group_a,mlwdf,40,uniform,homogeneous,12,11.5668,0.80766,3.1581,0.00423,40,40
phase2_group_a,mlwdf,40,uniform,homogeneous,13,13.5043,0.746237,3.1845,0.004048,40,40
phase2_group_a,mlwdf,40,uniform,homogeneous,14,14.5148,0.712381,3.1941,0.003355,40,40
phase2_group_a,mlwdf,40,uniform,homogeneous,15,15.1203,0.752149,3.1829,0.002734,40,40
phase2_group_a,mlwdf,40,uniform,homogeneous,16,13.9176,0.704632,3.1762,0.004083,40,40
phase2_group_a,mlwdf,40,uniform,homogeneous,17,13.6601,0.756007,3.1699,0.00362,40,40
phase2_group_a,mlwdf,40,uniform,homogeneous,18,15.1627,0.72017,3.1951,0.003365,40,40
phase2_group_a,mlwdf,40,uniform,homogeneous,19,14.3397,0.721928,3.1766,0.00405,40,40
phase2_group_a,mlwdf,40,uniform,homogeneous,20,13.4194,0.749755,3.1895,0.003705,40,40
phase2_group_a,mt,10,clustered,homogeneous,1,11.2516,0.280157,3.7936,0.000132,4,10
phase2_group_a,mt,10,clustered,homogeneous,2,11.163,0.211368,3.7532,0.0,5,10
phase2_group_a,mt,10,clustered,homogeneous,3,10.8543,0.151828,3.9996,0.0,4,10
phase2_group_a,mt,10,clustered,homogeneous,4,10.7066,0.122743,3.5106,0.0,3,10
phase2_group_a,mt,10,clustered,homogeneous,5,10.533,0.112719,3.5111,0.0,4,10
phase2_group_a,mt,10,clustered,homogeneous,6,10.8242,0.183677,3.8122,0.0,4,10
phase2_group_a,mt,10,clustered,homogeneous,7,11.1924,0.261304,3.8944,0.0,5,10
phase2_group_a,mt,10,clustered,homogeneous,8,11.1116,0.224207,3.7463,0.0,3,10
phase2_group_a,mt,10,clustered,homogeneous,9,11.0559,0.188279,3.6954,0.0,4,10
phase2_group_a,mt,10,clustered,homogeneous,10,11.1002,0.267262,3.9079,4.4e-05,5,10
phase2_group_a,mt,10,clustered,homogeneous,11,11.3124,0.29898,3.8267,0.0,5,10
phase2_group_a,mt,10,clustered,homogeneous,12,11.0951,0.239472,3.7445,0.0,3,10
phase2_group_a,mt,10,clustered,homogeneous,13,11.223,0.248246,3.8839,0.0,4,10
phase2_group_a,mt,10,clustered,homogeneous,14,11.0435,0.25636,3.9419,0.0,5,10
phase2_group_a,mt,10,clustered,homogeneous,15,11.1525,0.232262,3.8913,0.0,4,10
phase2_group_a,mt,10,clustered,homogeneous,16,10.8651,0.170701,3.7947,0.0,4,10
phase2_group_a,mt,10,clustered,homogeneous,17,10.8963,0.192785,3.8028,0.0,3,10
phase2_group_a,mt,10,clustered,homogeneous,18,11.1301,0.278646,3.8815,4.3e-05,5,10
phase2_group_a,mt,10,clustered,homogeneous,19,10.7816,0.136575,3.3588,0.000126,3,10
phase2_group_a,mt,10,clustered,homogeneous,20,10.8874,0.149621,3.6827,0.0,4,10
phase2_group_a,mt,20,clustered,homogeneous,1,11.554,0.206332,4.1052,0.0,7,20
phase2_group_a,mt,20,clustered,homogeneous,2,11.094,0.099,3.9797,0.0,8,20
phase2_group_a,mt,20,clustered,homogeneous,3,10.8448,0.076965,4.2009,0.0,7,20
phase2_group_a,mt,20,clustered,homogeneous,4,10.7606,0.065384,3.693,8.5e-05,6,20
phase2_group_a,mt,20,clustered,homogeneous,5,10.3969,0.052125,3.2998,0.0,4,20
phase2_group_a,mt,20,clustered,homogeneous,6,10.9969,0.10525,3.7777,0.0,6,20
phase2_group_a,mt,20,clustered,homogeneous,7,11.1247,0.164263,4.039,0.0,6,20
phase2_group_a,mt,20,clustered,homogeneous,8,11.0723,0.09704,3.8235,0.0,7,20
phase2_group_a,mt,20,clustered,homogeneous,9,10.8444,0.101152,3.5325,0.0,6,20
phase2_group_a,mt,20,clustered,homogeneous,10,11.2391,0.190035,3.775,0.0,7,20
phase2_group_a,mt,20,clustered,homogeneous,11,11.4789,0.261707,4.1927,0.0,10,20
phase2_group_a,mt,20,clustered,homogeneous,12,11.2512,0.154087,3.903,0.0,7,20
phase2_group_a,mt,20,clustered,homogeneous,13,11.2706,0.185426,4.2237,0.0,6,20
phase2_group_a,mt,20,clustered,homogeneous,14,11.2395,0.165021,4.0233,0.0,7,20
phase2_group_a,mt,20,clustered,homogeneous,15,11.2325,0.154232,4.1533,0.0,8,20
phase2_group_a,mt,20,clustered,homogeneous,16,11.1792,0.152734,3.8735,-0.000175,7,20
phase2_group_a,mt,20,clustered,homogeneous,17,11.2018,0.123445,4.1307,0.0,6,20
phase2_group_a,mt,20,clustered,homogeneous,18,11.2282,0.174152,3.9888,4.4e-05,8,20
phase2_group_a,mt,20,clustered,homogeneous,19,10.8524,0.095811,3.8061,0.0,6,20
phase2_group_a,mt,20,clustered,homogeneous,20,10.9738,0.084422,3.9975,0.0,7,20
phase2_group_a,mt,40,clustered,homogeneous,1,11.1577,0.062883,3.7635,-0.000173,7,40
phase2_group_a,mt,40,clustered,homogeneous,2,10.9778,0.038136,4.0979,-8.6e-05,15,40
phase2_group_a,mt,40,clustered,homogeneous,3,11.2371,0.067925,4.3105,0.0,12,40
phase2_group_a,mt,40,clustered,homogeneous,4,10.9157,0.043332,3.692,0.000171,11,40
phase2_group_a,mt,40,clustered,homogeneous,5,10.7794,0.046246,3.7184,0.0,4,40
phase2_group_a,mt,40,clustered,homogeneous,6,11.0194,0.058012,3.7675,0.0,8,40
phase2_group_a,mt,40,clustered,homogeneous,7,11.069,0.048166,3.9924,-8.6e-05,11,40
phase2_group_a,mt,40,clustered,homogeneous,8,11.0954,0.063733,4.0707,0.0,7,40
phase2_group_a,mt,40,clustered,homogeneous,9,10.5626,0.030382,3.7045,0.0,8,40
phase2_group_a,mt,40,clustered,homogeneous,10,11.1374,0.067312,3.8506,0.0,7,40
phase2_group_a,mt,40,clustered,homogeneous,11,11.273,0.088626,4.2699,-4.4e-05,12,40
phase2_group_a,mt,40,clustered,homogeneous,12,11.1408,0.05804,4.1848,0.0,9,40
phase2_group_a,mt,40,clustered,homogeneous,13,11.3159,0.082171,4.174,-8.8e-05,11,40
phase2_group_a,mt,40,clustered,homogeneous,14,11.0867,0.075457,3.8011,0.0,7,40
phase2_group_a,mt,40,clustered,homogeneous,15,11.0261,0.06032,3.8632,0.0,9,40
phase2_group_a,mt,40,clustered,homogeneous,16,11.1411,0.078869,3.8998,0.0,9,40
phase2_group_a,mt,40,clustered,homogeneous,17,11.247,0.0895,4.1563,0.0,13,40
phase2_group_a,mt,40,clustered,homogeneous,18,10.7381,0.031095,3.7844,-0.000211,11,40
phase2_group_a,mt,40,clustered,homogeneous,19,10.8557,0.050406,3.418,0.0,5,40
phase2_group_a,mt,40,clustered,homogeneous,20,11.2685,0.099394,4.1475,0.0,12,40
phase2_group_a,mt,10,uniform,homogeneous,1,11.1498,0.214363,3.4064,4.2e-05,6,10
phase2_group_a,mt,10,uniform,homogeneous,2,11.6294,0.289001,3.4726,4.2e-05,5,10
phase2_group_a,mt,10,uniform,homogeneous,3,11.0811,0.220608,3.373,0.0,6,10
phase2_group_a,mt,10,uniform,homogeneous,4,10.9065,0.161088,3.3242,0.0,8,10
phase2_group_a,mt,10,uniform,homogeneous,5,10.8558,0.161181,3.3396,0.0,7,10
phase2_group_a,mt,10,uniform,homogeneous,6,10.9565,0.156778,3.3377,-8.5e-05,5,10
phase2_group_a,mt,10,uniform,homogeneous,7,10.8227,0.196025,3.5094,0.000212,3,10
phase2_group_a,mt,10,uniform,homogeneous,8,11.3979,0.352154,3.4813,0.0,8,10
phase2_group_a,mt,10,uniform,homogeneous,9,11.0023,0.192492,3.6229,0.0,4,10
phase2_group_a,mt,10,uniform,homogeneous,10,10.334,0.10301,3.4392,0.0,5,10
phase2_group_a,mt,10,uniform,homogeneous,11,10.4946,0.11518,3.4697,-8.5e-05,9,10
phase2_group_a,mt,10,uniform,homogeneous,12,10.7694,0.131145,3.5106,0.0,6,10
phase2_group_a,mt,10,uniform,homogeneous,13,10.5682,0.118087,3.3721,4.2e-05,4,10
phase2_group_a,mt,10,uniform,homogeneous,14,10.6754,0.128755,3.7744,0.0,4,10
phase2_group_a,mt,10,uniform,homogeneous,15,11.1719,0.212135,3.3506,0.0,8,10
phase2_group_a,mt,10,uniform,homogeneous,16,10.507,0.115012,3.5063,0.0,5,10
phase2_group_a,mt,10,uniform,homogeneous,17,10.3681,0.106008,3.4436,4.2e-05,7,10
phase2_group_a,mt,10,uniform,homogeneous,18,11.091,0.235933,3.4818,4.1e-05,7,10
phase2_group_a,mt,10,uniform,homogeneous,19,11.2279,0.218544,3.4044,0.0,8,10
phase2_group_a,mt,10,uniform,homogeneous,20,11.0464,0.172072,3.2916,4.2e-05,9,10
phase2_group_a,mt,20,uniform,homogeneous,1,11.5556,0.166952,3.3651,0.0,7,20
phase2_group_a,mt,20,uniform,homogeneous,2,11.386,0.13743,3.7107,0.0,7,20
phase2_group_a,mt,20,uniform,homogeneous,3,10.257,0.050014,3.0116,0.0,2,20
phase2_group_a,mt,20,uniform,homogeneous,4,11.3149,0.129586,3.4237,0.0,13,20
phase2_group_a,mt,20,uniform,homogeneous,5,11.0298,0.088015,3.4303,0.0,12,20
phase2_group_a,mt,20,uniform,homogeneous,6,11.5087,0.146473,3.6672,0.0,9,20
phase2_group_a,mt,20,uniform,homogeneous,7,10.805,0.1033,3.6246,0.0,4,20
phase2_group_a,mt,20,uniform,homogeneous,8,11.2764,0.101433,3.4878,0.0,9,20
phase2_group_a,mt,20,uniform,homogeneous,9,11.1018,0.104185,3.6954,0.0,7,20
phase2_group_a,mt,20,uniform,homogeneous,10,10.9483,0.107609,4.1208,0.0,6,20
phase2_group_a,mt,20,uniform,homogeneous,11,11.2493,0.117366,3.7264,8.6e-05,7,20
phase2_group_a,mt,20,uniform,homogeneous,12,10.9104,0.073484,3.4925,0.0,7,20
phase2_group_a,mt,20,uniform,homogeneous,13,11.0183,0.080901,3.5392,-8.5e-05,7,20
phase2_group_a,mt,20,uniform,homogeneous,14,11.0601,0.129167,3.932,0.0,5,20
phase2_group_a,mt,20,uniform,homogeneous,15,11.8435,0.241632,3.4768,0.0,10,20
phase2_group_a,mt,20,uniform,homogeneous,16,10.8271,0.086755,3.3622,0.0,2,20
phase2_group_a,mt,20,uniform,homogeneous,17,10.3673,0.052551,3.5251,0.0,2,20
phase2_group_a,mt,20,uniform,homogeneous,18,11.6079,0.203607,3.3861,0.0,13,20
phase2_group_a,mt,20,uniform,homogeneous,19,10.4295,0.056815,3.612,0.0,4,20
phase2_group_a,mt,20,uniform,homogeneous,20,11.2452,0.133716,3.7117,0.0,6,20
phase2_group_a,mt,40,uniform,homogeneous,1,11.0878,0.045833,4.0752,0.0,11,40
phase2_group_a,mt,40,uniform,homogeneous,2,11.2225,0.067987,3.8518,0.0,12,40
phase2_group_a,mt,40,uniform,homogeneous,3,10.2622,0.025034,3.0072,0.0,4,40
phase2_group_a,mt,40,uniform,homogeneous,4,11.6557,0.090517,3.3756,0.0,10,40
phase2_group_a,mt,40,uniform,homogeneous,5,11.1918,0.067428,3.9865,0.0,5,40
phase2_group_a,mt,40,uniform,homogeneous,6,11.1106,0.06084,4.0104,0.0,12,40
phase2_group_a,mt,40,uniform,homogeneous,7,10.8729,0.052832,3.7063,0.0,5,40
phase2_group_a,mt,40,uniform,homogeneous,8,10.9323,0.04376,3.7719,0.000215,5,40
phase2_group_a,mt,40,uniform,homogeneous,9,11.1216,0.063278,3.9658,0.0,10,40
phase2_group_a,mt,40,uniform,homogeneous,10,10.6945,0.031975,4.0742,0.0,9,40
phase2_group_a,mt,40,uniform,homogeneous,11,11.6423,0.108156,3.8527,0.0,9,40
phase2_group_a,mt,40,uniform,homogeneous,12,11.4767,0.06162,3.4017,0.0,12,40
phase2_group_a,mt,40,uniform,homogeneous,13,11.4566,0.061236,3.571,0.0,12,40
phase2_group_a,mt,40,uniform,homogeneous,14,11.1715,0.074022,4.008,0.0,7,40
phase2_group_a,mt,40,uniform,homogeneous,15,10.486,0.027336,3.5174,0.0,8,40
phase2_group_a,mt,40,uniform,homogeneous,16,11.1056,0.07482,3.7039,0.0,5,40
phase2_group_a,mt,40,uniform,homogeneous,17,10.8311,0.047782,3.9781,0.0,6,40
phase2_group_a,mt,40,uniform,homogeneous,18,11.2307,0.078697,4.0412,0.0,7,40
phase2_group_a,mt,40,uniform,homogeneous,19,10.4418,0.029004,3.579,4.1e-05,4,40
phase2_group_a,mt,40,uniform,homogeneous,20,11.5018,0.068119,3.8565,0.0,10,40
phase2_group_a,pf,10,clustered,homogeneous,1,18.4963,0.73721,3.2707,0.002476,10,10
phase2_group_a,pf,10,clustered,homogeneous,2,19.1052,0.767359,3.2984,0.001618,10,10
phase2_group_a,pf,10,clustered,homogeneous,3,18.0984,0.70698,3.2521,0.002285,10,10
phase2_group_a,pf,10,clustered,homogeneous,4,19.8459,0.72733,3.2308,0.002148,10,10
phase2_group_a,pf,10,clustered,homogeneous,5,20.134,0.745725,3.2526,0.002091,10,10
phase2_group_a,pf,10,clustered,homogeneous,6,18.7631,0.729074,3.2545,0.002511,10,10
phase2_group_a,pf,10,clustered,homogeneous,7,18.6326,0.723391,3.2801,0.002503,10,10
phase2_group_a,pf,10,clustered,homogeneous,8,18.6034,0.697697,3.2423,0.00254,10,10
phase2_group_a,pf,10,clustered,homogeneous,9,18.0589,0.724909,3.2739,0.002249,10,10
phase2_group_a,pf,10,clustered,homogeneous,10,20.0445,0.748068,3.2791,0.001784,10,10
phase2_group_a,pf,10,clustered,homogeneous,11,19.1423,0.756028,3.2943,0.001885,10,10
phase2_group_a,pf,10,clustered,homogeneous,12,19.5929,0.727163,3.2233,0.00171,10,10
phase2_group_a,pf,10,clustered,homogeneous,13,18.5575,0.74236,3.2726,0.002131,10,10
phase2_group_a,pf,10,clustered,homogeneous,14,19.9577,0.745045,3.2725,0.002006,10,10
phase2_group_a,pf,10,clustered,homogeneous,15,19.6295,0.748844,3.2914,0.001679,10,10
phase2_group_a,pf,10,clustered,homogeneous,16,19.5044,0.747229,3.2829,0.001918,10,10
phase2_group_a,pf,10,clustered,homogeneous,17,18.1851,0.740118,3.254,0.001848,10,10
phase2_group_a,pf,10,clustered,homogeneous,18,20.3703,0.744961,3.2706,0.002102,10,10
phase2_group_a,pf,10,clustered,homogeneous,19,20.5604,0.735896,3.1887,0.002483,10,10
phase2_group_a,pf,10,clustered,homogeneous,20,19.5801,0.715179,3.2382,0.002342,10,10
phase2_group_a,pf,20,clustered,homogeneous,1,18.645,0.759077,3.2745,0.00284,20,20
phase2_group_a,pf,20,clustered,homogeneous,2,19.5892,0.750458,3.2776,0.002055,20,20
phase2_group_a,pf,20,clustered,homogeneous,3,18.3656,0.736016,3.2721,0.002426,20,20
phase2_group_a,pf,20,clustered,homogeneous,4,19.4069,0.739062,3.2333,0.002347,20,20
phase2_group_a,pf,20,clustered,homogeneous,5,20.1556,0.746674,3.227,0.002254,20,20
phase2_group_a,pf,20,clustered,homogeneous,6,19.0201,0.744033,3.2476,0.002276,20,20
phase2_group_a,pf,20,clustered,homogeneous,7,19.4321,0.737294,3.2644,0.002185,20,20
phase2_group_a,pf,20,clustered,homogeneous,8,19.1617,0.731285,3.2354,0.002702,20,20
phase2_group_a,pf,20,clustered,homogeneous,9,19.405,0.73943,3.2624,0.002335,20,20
phase2_group_a,pf,20,clustered,homogeneous,10,20.2153,0.758983,3.25,0.001733,20,20
phase2_group_a,pf,20,clustered,homogeneous,11,19.0614,0.76606,3.2834,0.002205,20,20
phase2_group_a,pf,20,clustered,homogeneous,12,19.8342,0.759359,3.2432,0.001479,20,20
phase2_group_a,pf,20,clustered,homogeneous,13,18.5504,0.741759,3.2644,0.002623,20,20
phase2_group_a,pf,20,clustered,homogeneous,14,19.6971,0.736384,3.2888,0.002769,20,20
phase2_group_a,pf,20,clustered,homogeneous,15,19.4102,0.741275,3.2639,0.002069,20,20
phase2_group_a,pf,20,clustered,homogeneous,16,20.3136,0.752182,3.2688,0.00225,20,20
phase2_group_a,pf,20,clustered,homogeneous,17,18.1125,0.740457,3.2523,0.002571,20,20
phase2_group_a,pf,20,clustered,homogeneous,18,19.4023,0.760058,3.2672,0.002221,20,20
phase2_group_a,pf,20,clustered,homogeneous,19,19.7494,0.768381,3.2193,0.002158,20,20
phase2_group_a,pf,20,clustered,homogeneous,20,19.6372,0.738492,3.2532,0.002913,20,20
phase2_group_a,pf,40,clustered,homogeneous,1,20.2769,0.770955,3.2444,0.002349,40,40
phase2_group_a,pf,40,clustered,homogeneous,2,20.207,0.768569,3.2586,0.001969,40,40
phase2_group_a,pf,40,clustered,homogeneous,3,19.3281,0.751334,3.26,0.002436,40,40
phase2_group_a,pf,40,clustered,homogeneous,4,19.8169,0.769334,3.2401,0.002458,40,40
phase2_group_a,pf,40,clustered,homogeneous,5,20.736,0.773371,3.2266,0.00213,40,40
phase2_group_a,pf,40,clustered,homogeneous,6,20.0194,0.757305,3.232,0.002248,40,40
phase2_group_a,pf,40,clustered,homogeneous,7,20.3581,0.764524,3.2466,0.002062,40,40
phase2_group_a,pf,40,clustered,homogeneous,8,20.7096,0.775505,3.2504,0.001925,40,40
phase2_group_a,pf,40,clustered,homogeneous,9,20.8376,0.768668,3.2391,0.002475,40,40
phase2_group_a,pf,40,clustered,homogeneous,10,20.7018,0.766474,3.2472,0.001966,40,40
phase2_group_a,pf,40,clustered,homogeneous,11,19.8254,0.76609,3.2438,0.002253,40,40
phase2_group_a,pf,40,clustered,homogeneous,12,20.7639,0.783093,3.2345,0.002117,40,40
phase2_group_a,pf,40,clustered,homogeneous,13,20.1228,0.759489,3.2391,0.002044,40,40
phase2_group_a,pf,40,clustered,homogeneous,14,19.9756,0.749946,3.2501,0.002031,40,40
phase2_group_a,pf,40,clustered,homogeneous,15,20.3954,0.772486,3.2549,0.002146,40,40
phase2_group_a,pf,40,clustered,homogeneous,16,20.6943,0.766417,3.2365,0.002066,40,40
phase2_group_a,pf,40,clustered,homogeneous,17,19.9463,0.774837,3.257,0.002021,40,40
phase2_group_a,pf,40,clustered,homogeneous,18,20.1832,0.76013,3.2452,0.002485,40,40
phase2_group_a,pf,40,clustered,homogeneous,19,20.7471,0.77807,3.2217,0.001908,40,40
phase2_group_a,pf,40,clustered,homogeneous,20,20.1978,0.751959,3.2523,0.002328,40,40
phase2_group_a,pf,10,uniform,homogeneous,1,12.987,0.716144,3.2227,0.00414,10,10
phase2_group_a,pf,10,uniform,homogeneous,2,16.4528,0.754825,3.2614,0.003518,10,10
phase2_group_a,pf,10,uniform,homogeneous,3,12.671,0.783624,3.2084,0.003797,10,10
phase2_group_a,pf,10,uniform,homogeneous,4,12.0432,0.729012,3.2209,0.004351,10,10
phase2_group_a,pf,10,uniform,homogeneous,5,11.6945,0.740259,3.2321,0.004779,10,10
phase2_group_a,pf,10,uniform,homogeneous,6,14.5077,0.733549,3.2349,0.003312,10,10
phase2_group_a,pf,10,uniform,homogeneous,7,19.3393,0.769354,3.2237,0.001331,10,10
phase2_group_a,pf,10,uniform,homogeneous,8,12.4381,0.855562,3.1816,0.003597,10,10
phase2_group_a,pf,10,uniform,homogeneous,9,14.392,0.657617,3.2544,0.003454,10,10
phase2_group_a,pf,10,uniform,homogeneous,10,18.9061,0.731356,3.2576,0.002874,10,10
phase2_group_a,pf,10,uniform,homogeneous,11,13.5224,0.758154,3.2347,0.002534,10,10
phase2_group_a,pf,10,uniform,homogeneous,12,13.8879,0.775085,3.218,0.003133,10,10
phase2_group_a,pf,10,uniform,homogeneous,13,11.9826,0.680945,3.2194,0.006073,10,10
phase2_group_a,pf,10,uniform,homogeneous,14,17.4208,0.677901,3.2531,0.003351,10,10
phase2_group_a,pf,10,uniform,homogeneous,15,13.49,0.871749,3.2078,0.002446,10,10
phase2_group_a,pf,10,uniform,homogeneous,16,16.2493,0.752338,3.2116,0.002333,10,10
phase2_group_a,pf,10,uniform,homogeneous,17,11.727,0.646618,3.2265,0.004691,10,10
phase2_group_a,pf,10,uniform,homogeneous,18,11.1068,0.823024,3.1926,0.004705,10,10
phase2_group_a,pf,10,uniform,homogeneous,19,12.2297,0.730564,3.2171,0.006167,10,10
phase2_group_a,pf,10,uniform,homogeneous,20,14.1626,0.805861,3.2147,0.002289,10,10
phase2_group_a,pf,20,uniform,homogeneous,1,12.7432,0.750825,3.2041,0.004503,20,20
phase2_group_a,pf,20,uniform,homogeneous,2,16.223,0.755244,3.2249,0.002849,20,20
phase2_group_a,pf,20,uniform,homogeneous,3,17.0854,0.745502,3.2203,0.002797,20,20
phase2_group_a,pf,20,uniform,homogeneous,4,12.2515,0.823683,3.1865,0.003194,20,20
phase2_group_a,pf,20,uniform,homogeneous,5,11.3142,0.816805,3.1781,0.004154,20,20
phase2_group_a,pf,20,uniform,homogeneous,6,16.5765,0.747685,3.2541,0.002791,20,20
phase2_group_a,pf,20,uniform,homogeneous,7,16.6473,0.748177,3.2045,0.002712,20,20
phase2_group_a,pf,20,uniform,homogeneous,8,14.1956,0.773061,3.196,0.003296,20,20
phase2_group_a,pf,20,uniform,homogeneous,9,13.0397,0.718919,3.2128,0.004125,20,20
phase2_group_a,pf,20,uniform,homogeneous,10,16.6263,0.732948,3.2236,0.003307,20,20
phase2_group_a,pf,20,uniform,homogeneous,11,13.8672,0.737608,3.2123,0.003521,20,20
phase2_group_a,pf,20,uniform,homogeneous,12,12.3205,0.747802,3.1905,0.004698,20,20
phase2_group_a,pf,20,uniform,homogeneous,13,12.3841,0.75087,3.1904,0.004528,20,20
phase2_group_a,pf,20,uniform,homogeneous,14,14.3086,0.655511,3.2317,0.003984,20,20
phase2_group_a,pf,20,uniform,homogeneous,15,13.757,0.791537,3.1971,0.003416,20,20
phase2_group_a,pf,20,uniform,homogeneous,16,15.1627,0.728938,3.1751,0.002807,20,20
phase2_group_a,pf,20,uniform,homogeneous,17,12.1816,0.642079,3.1941,0.005106,20,20
phase2_group_a,pf,20,uniform,homogeneous,18,12.5154,0.83649,3.1735,0.003528,20,20
phase2_group_a,pf,20,uniform,homogeneous,19,14.7889,0.70586,3.2029,0.004211,20,20
phase2_group_a,pf,20,uniform,homogeneous,20,15.1399,0.733644,3.2202,0.003279,20,20
phase2_group_a,pf,40,uniform,homogeneous,1,14.393,0.724855,3.1898,0.004472,40,40
phase2_group_a,pf,40,uniform,homogeneous,2,16.0417,0.75333,3.2048,0.00288,40,40
phase2_group_a,pf,40,uniform,homogeneous,3,18.6951,0.762992,3.2287,0.002595,40,40
phase2_group_a,pf,40,uniform,homogeneous,4,12.3993,0.78563,3.1721,0.004313,40,40
phase2_group_a,pf,40,uniform,homogeneous,5,12.7149,0.712299,3.1799,0.004011,40,40
phase2_group_a,pf,40,uniform,homogeneous,6,15.6384,0.724052,3.2058,0.003849,40,40
phase2_group_a,pf,40,uniform,homogeneous,7,14.4079,0.754711,3.176,0.003254,40,40
phase2_group_a,pf,40,uniform,homogeneous,8,14.2387,0.729884,3.1765,0.003558,40,40
phase2_group_a,pf,40,uniform,homogeneous,9,14.9802,0.715592,3.2067,0.0037,40,40
phase2_group_a,pf,40,uniform,homogeneous,10,16.5169,0.719272,3.2219,0.003495,40,40
phase2_group_a,pf,40,uniform,homogeneous,11,13.4937,0.726418,3.1912,0.004104,40,40
phase2_group_a,pf,40,uniform,homogeneous,12,11.5668,0.80766,3.1581,0.00423,40,40
phase2_group_a,pf,40,uniform,homogeneous,13,13.5043,0.746237,3.1845,0.004048,40,40
phase2_group_a,pf,40,uniform,homogeneous,14,14.5148,0.712381,3.1941,0.003355,40,40
phase2_group_a,pf,40,uniform,homogeneous,15,15.1203,0.752149,3.1829,0.002734,40,40
phase2_group_a,pf,40,uniform,homogeneous,16,13.9176,0.704632,3.1762,0.004083,40,40
phase2_group_a,pf,40,uniform,homogeneous,17,13.6601,0.756007,3.1699,0.00362,40,40
phase2_group_a,pf,40,uniform,homogeneous,18,15.1627,0.72017,3.1951,0.003365,40,40
phase2_group_a,pf,40,uniform,homogeneous,19,14.3397,0.721928,3.1766,0.00405,40,40
phase2_group_a,pf,40,uniform,homogeneous,20,13.4194,0.749755,3.1895,0.003705,40,40
phase2_group_a,pss,10,clustered,homogeneous,1,18.5576,0.741802,3.2703,0.002391,10,10
phase2_group_a,pss,10,clustered,homogeneous,2,19.1181,0.772253,3.2949,0.001609,10,10
phase2_group_a,pss,10,clustered,homogeneous,3,18.1938,0.709087,3.2545,0.002054,10,10
phase2_group_a,pss,10,clustered,homogeneous,4,19.9327,0.728242,3.2296,0.002368,10,10
phase2_group_a,pss,10,clustered,homogeneous,5,20.2551,0.746427,3.2495,0.00172,10,10
phase2_group_a,pss,10,clustered,homogeneous,6,18.8416,0.731133,3.2514,0.002275,10,10
phase2_group_a,pss,10,clustered,homogeneous,7,18.7134,0.726802,3.2809,0.002282,10,10
phase2_group_a,pss,10,clustered,homogeneous,8,18.7385,0.69851,3.2424,0.002053,10,10
phase2_group_a,pss,10,clustered,homogeneous,9,18.0975,0.730037,3.2718,0.002246,10,10
phase2_group_a,pss,10,clustered,homogeneous,10,20.0877,0.751985,3.2799,0.001705,10,10
phase2_group_a,pss,10,clustered,homogeneous,11,19.1727,0.76081,3.2887,0.00155,10,10
phase2_group_a,pss,10,clustered,homogeneous,12,19.6456,0.728689,3.2241,0.001579,10,10
phase2_group_a,pss,10,clustered,homogeneous,13,18.5924,0.747439,3.2675,0.002073,10,10
phase2_group_a,pss,10,clustered,homogeneous,14,20.0469,0.747607,3.2664,0.002015,10,10
phase2_group_a,pss,10,clustered,homogeneous,15,19.6261,0.754133,3.2861,0.001609,10,10
phase2_group_a,pss,10,clustered,homogeneous,16,19.5707,0.750344,3.2766,0.002048,10,10
phase2_group_a,pss,10,clustered,homogeneous,17,18.2225,0.742845,3.2519,0.001777,10,10
phase2_group_a,pss,10,clustered,homogeneous,18,20.4609,0.747089,3.2648,0.001914,10,10
phase2_group_a,pss,10,clustered,homogeneous,19,20.7143,0.733561,3.1905,0.002573,10,10
phase2_group_a,pss,10,clustered,homogeneous,20,19.7018,0.715118,3.2365,0.002334,10,10
phase2_group_a,pss,20,clustered,homogeneous,1,19.1027,0.732375,3.2155,0.001863,20,20
phase2_group_a,pss,20,clustered,homogeneous,2,20.4683,0.702865,3.2051,0.001571,20,20
phase2_group_a,pss,20,clustered,homogeneous,3,18.9761,0.695464,3.2155,0.001602,20,20
phase2_group_a,pss,20,clustered,homogeneous,4,20.6899,0.670273,3.1836,0.001314,20,20
phase2_group_a,pss,20,clustered,homogeneous,5,21.513,0.671619,3.18,0.001695,20,20
phase2_group_a,pss,20,clustered,homogeneous,6,19.9974,0.680767,3.1988,0.001278,20,20
phase2_group_a,pss,20,clustered,homogeneous,7,20.4931,0.682357,3.1905,0.001488,20,20
phase2_group_a,pss,20,clustered,homogeneous,8,20.3713,0.659799,3.1904,0.001703,20,20
phase2_group_a,pss,20,clustered,homogeneous,9,20.4886,0.681109,3.1936,0.001418,20,20
phase2_group_a,pss,20,clustered,homogeneous,10,21.3005,0.697487,3.1826,0.001178,20,20
phase2_group_a,pss,20,clustered,homogeneous,11,19.4191,0.745099,3.2223,0.001707,20,20
phase2_group_a,pss,20,clustered,homogeneous,12,20.8964,0.690616,3.1863,0.001188,20,20
phase2_group_a,pss,20,clustered,homogeneous,13,19.2448,0.703463,3.1984,0.001675,20,20
phase2_group_a,pss,20,clustered,homogeneous,14,20.7581,0.690509,3.1972,0.001542,20,20
phase2_group_a,pss,20,clustered,homogeneous,15,20.4039,0.682911,3.1995,0.00126,20,20
phase2_group_a,pss,20,clustered,homogeneous,16,21.4124,0.69411,3.2024,0.001471,20,20
phase2_group_a,pss,20,clustered,homogeneous,17,18.8541,0.68384,3.2057,0.001989,20,20
phase2_group_a,pss,20,clustered,homogeneous,18,20.1276,0.71505,3.2086,0.00156,20,20
phase2_group_a,pss,20,clustered,homogeneous,19,20.7302,0.690777,3.1823,0.001568,20,20
phase2_group_a,pss,20,clustered,homogeneous,20,20.7472,0.678695,3.1861,0.001825,20,20
phase2_group_a,pss,40,clustered,homogeneous,1,20.1678,0.723472,3.1578,0.001204,40,40
phase2_group_a,pss,40,clustered,homogeneous,2,20.0758,0.725893,3.1675,0.001328,40,40
phase2_group_a,pss,40,clustered,homogeneous,3,19.0515,0.71603,3.1776,0.001428,40,40
phase2_group_a,pss,40,clustered,homogeneous,4,19.5886,0.720812,3.1708,0.001214,40,40
phase2_group_a,pss,40,clustered,homogeneous,5,20.8141,0.714286,3.1609,0.000974,40,40
phase2_group_a,pss,40,clustered,homogeneous,6,20.1442,0.699161,3.1568,0.00135,40,40
phase2_group_a,pss,40,clustered,homogeneous,7,20.3583,0.713357,3.1711,0.001214,40,40
phase2_group_a,pss,40,clustered,homogeneous,8,20.4946,0.729505,3.1653,0.001053,40,40
phase2_group_a,pss,40,clustered,homogeneous,9,20.9646,0.713013,3.1578,0.001233,40,40
phase2_group_a,pss,40,clustered,homogeneous,10,20.9616,0.712994,3.1608,0.0012,40,40
phase2_group_a,pss,40,clustered,homogeneous,11,19.6027,0.720991,3.1687,0.001365,40,40
phase2_group_a,pss,40,clustered,homogeneous,12,20.5805,0.726187,3.1686,0.001145,40,40
phase2_group_a,pss,40,clustered,homogeneous,13,20.1522,0.706965,3.157,0.001231,40,40
phase2_group_a,pss,40,clustered,homogeneous,14,20.0272,0.704115,3.1721,0.00109,40,40
phase2_group_a,pss,40,clustered,homogeneous,15,20.2707,0.723239,3.1677,0.001226,40,40
phase2_group_a,pss,40,clustered,homogeneous,16,20.8607,0.7108,3.1651,0.001407,40,40
phase2_group_a,pss,40,clustered,homogeneous,17,19.5953,0.735379,3.1783,0.001168,40,40
phase2_group_a,pss,40,clustered,homogeneous,18,20.2679,0.705518,3.169,0.001259,40,40
phase2_group_a,pss,40,clustered,homogeneous,19,20.7698,0.722471,3.1609,0.001075,40,40
phase2_group_a,pss,40,clustered,homogeneous,20,20.3378,0.703272,3.1642,0.001483,40,40
phase2_group_a,pss,10,uniform,homogeneous,1,13.1125,0.71718,3.227,0.003439,10,10
phase2_group_a,pss,10,uniform,homogeneous,2,16.5628,0.756748,3.2601,0.003064,10,10
phase2_group_a,pss,10,uniform,homogeneous,3,12.7929,0.78234,3.2076,0.003174,10,10
phase2_group_a,pss,10,uniform,homogeneous,4,12.1655,0.729105,3.221,0.004091,10,10
phase2_group_a,pss,10,uniform,homogeneous,5,11.8228,0.739688,3.2313,0.003954,10,10
phase2_group_a,pss,10,uniform,homogeneous,6,14.6154,0.73599,3.2326,0.003156,10,10
phase2_group_a,pss,10,uniform,homogeneous,7,19.3898,0.770051,3.2223,0.001346,10,10
phase2_group_a,pss,10,uniform,homogeneous,8,12.5368,0.852998,3.1786,0.003247,10,10
phase2_group_a,pss,10,uniform,homogeneous,9,14.4897,0.661456,3.2525,0.002875,10,10
phase2_group_a,pss,10,uniform,homogeneous,10,19.0554,0.73104,3.2576,0.002463,10,10
phase2_group_a,pss,10,uniform,homogeneous,11,13.5459,0.766719,3.2372,0.002385,10,10
phase2_group_a,pss,10,uniform,homogeneous,12,13.9786,0.778649,3.2172,0.002668,10,10
phase2_group_a,pss,10,uniform,homogeneous,13,12.1637,0.681972,3.2245,0.004947,10,10
phase2_group_a,pss,10,uniform,homogeneous,14,17.5371,0.679746,3.2466,0.003184,10,10
phase2_group_a,pss,10,uniform,homogeneous,15,13.5438,0.872786,3.2067,0.002361,10,10
phase2_group_a,pss,10,uniform,homogeneous,16,16.3251,0.754209,3.2117,0.002373,10,10
phase2_group_a,pss,10,uniform,homogeneous,17,11.8245,0.650907,3.2342,0.003941,10,10
phase2_group_a,pss,10,uniform,homogeneous,18,11.2389,0.818819,3.1926,0.003999,10,10
phase2_group_a,pss,10,uniform,homogeneous,19,12.3914,0.727704,3.2225,0.005103,10,10
phase2_group_a,pss,10,uniform,homogeneous,20,14.2255,0.809026,3.2152,0.002066,10,10
phase2_group_a,pss,20,uniform,homogeneous,1,12.9032,0.733332,3.1726,0.003534,20,20
phase2_group_a,pss,20,uniform,homogeneous,2,16.5335,0.721074,3.1906,0.001996,20,20
phase2_group_a,pss,20,uniform,homogeneous,3,17.6843,0.684122,3.1852,0.002039,20,20
phase2_group_a,pss,20,uniform,homogeneous,4,12.3302,0.812119,3.1681,0.002393,20,20
phase2_group_a,pss,20,uniform,homogeneous,5,11.3727,0.803663,3.1518,0.003153,20,20
phase2_group_a,pss,20,uniform,homogeneous,6,16.8243,0.725041,3.2124,0.002248,20,20
phase2_group_a,pss,20,uniform,homogeneous,7,17.3479,0.674961,3.1593,0.001965,20,20
phase2_group_a,pss,20,uniform,homogeneous,8,14.3441,0.745324,3.1714,0.002237,20,20
phase2_group_a,pss,20,uniform,homogeneous,9,13.4097,0.687784,3.1822,0.002512,20,20
phase2_group_a,pss,20,uniform,homogeneous,10,17.1753,0.676491,3.1819,0.002056,20,20
phase2_group_a,pss,20,uniform,homogeneous,11,14.1766,0.711159,3.184,0.002495,20,20
phase2_group_a,pss,20,uniform,homogeneous,12,12.5454,0.722065,3.1696,0.002952,20,20
phase2_group_a,pss,20,uniform,homogeneous,13,12.5878,0.728922,3.1683,0.003196,20,20
phase2_group_a,pss,20,uniform,homogeneous,14,14.9854,0.596189,3.1887,0.002869,20,20
phase2_group_a,pss,20,uniform,homogeneous,15,13.7801,0.7792,3.1743,0.00252,20,20
phase2_group_a,pss,20,uniform,homogeneous,16,16.0059,0.6322,3.166,0.002411,20,20
phase2_group_a,pss,20,uniform,homogeneous,17,12.9624,0.545481,3.1925,0.003469,20,20
phase2_group_a,pss,20,uniform,homogeneous,18,12.59,0.818554,3.1515,0.002673,20,20
phase2_group_a,pss,20,uniform,homogeneous,19,15.409,0.635465,3.1728,0.002481,20,20
phase2_group_a,pss,20,uniform,homogeneous,20,15.585,0.705084,3.1758,0.002063,20,20
phase2_group_a,pss,40,uniform,homogeneous,1,13.7699,0.683556,3.1331,0.002203,40,40
phase2_group_a,pss,40,uniform,homogeneous,2,15.3174,0.724086,3.143,0.001697,40,40
phase2_group_a,pss,40,uniform,homogeneous,3,18.2803,0.718249,3.1544,0.00155,40,40
phase2_group_a,pss,40,uniform,homogeneous,4,11.5741,0.78035,3.1373,0.002579,40,40
phase2_group_a,pss,40,uniform,homogeneous,5,12.1988,0.659601,3.1441,0.002359,40,40
phase2_group_a,pss,40,uniform,homogeneous,6,14.9898,0.691165,3.1433,0.00201,40,40
phase2_group_a,pss,40,uniform,homogeneous,7,13.8047,0.698024,3.1271,0.00222,40,40
phase2_group_a,pss,40,uniform,homogeneous,8,13.8218,0.664956,3.1296,0.002178,40,40
phase2_group_a,pss,40,uniform,homogeneous,9,14.5037,0.677804,3.1468,0.002203,40,40
phase2_group_a,pss,40,uniform,homogeneous,10,16.1003,0.677224,3.1481,0.001996,40,40
phase2_group_a,pss,40,uniform,homogeneous,11,12.8079,0.709466,3.1426,0.002286,40,40
phase2_group_a,pss,40,uniform,homogeneous,12,10.8546,0.789521,3.1317,0.002455,40,40
phase2_group_a,pss,40,uniform,homogeneous,13,12.7485,0.72338,3.1401,0.00253,40,40
phase2_group_a,pss,40,uniform,homogeneous,14,14.0862,0.666382,3.1441,0.002121,40,40
phase2_group_a,pss,40,uniform,homogeneous,15,14.4905,0.700863,3.1356,0.001757,40,40
phase2_group_a,pss,40,uniform,homogeneous,16,13.7448,0.626679,3.1373,0.002233,40,40
phase2_group_a,pss,40,uniform,homogeneous,17,13.0802,0.703374,3.1348,0.002462,40,40
phase2_group_a,pss,40,uniform,homogeneous,18,14.7081,0.667621,3.141,0.002228,40,40
phase2_group_a,pss,40,uniform,homogeneous,19,13.8703,0.663465,3.1355,0.001871,40,40
phase2_group_a,pss,40,uniform,homogeneous,20,12.7178,0.72919,3.142,0.002182,40,40
phase2_group_a,rr,10,clustered,homogeneous,1,7.7066,0.655506,5.0002,0.023798,10,10
phase2_group_a,rr,10,clustered,homogeneous,2,7.7994,0.689476,5.0205,0.021245,10,10
phase2_group_a,rr,10,clustered,homogeneous,3,7.7958,0.585585,4.9625,0.024032,10,10
phase2_group_a,rr,10,clustered,homogeneous,4,9.177,0.585776,4.8249,0.021428,10,10
phase2_group_a,rr,10,clustered,homogeneous,5,9.0921,0.610846,4.8765,0.02077,10,10
phase2_group_a,rr,10,clustered,homogeneous,6,8.2434,0.592288,4.9273,0.022404,10,10
phase2_group_a,rr,10,clustered,homogeneous,7,7.7559,0.639654,5.0823,0.024425,10,10
phase2_group_a,rr,10,clustered,homogeneous,8,8.5028,0.561374,4.9249,0.022657,10,10
phase2_group_a,rr,10,clustered,homogeneous,9,7.4717,0.640451,5.0284,0.02406,10,10
phase2_group_a,rr,10,clustered,homogeneous,10,8.6573,0.657329,4.8631,0.019641,10,10
phase2_group_a,rr,10,clustered,homogeneous,11,7.8363,0.691456,5.0271,0.021502,10,10
phase2_group_a,rr,10,clustered,homogeneous,12,9.1714,0.586829,4.7733,0.021394,10,10
phase2_group_a,rr,10,clustered,homogeneous,13,7.764,0.647591,5.0403,0.021292,10,10
phase2_group_a,rr,10,clustered,homogeneous,14,8.6823,0.651323,4.884,0.019599,10,10
phase2_group_a,rr,10,clustered,homogeneous,15,8.2854,0.65807,4.9603,0.021474,10,10
phase2_group_a,rr,10,clustered,homogeneous,16,8.3288,0.649652,4.949,0.021038,10,10
phase2_group_a,rr,10,clustered,homogeneous,17,7.7724,0.608254,4.9865,0.023314,10,10
phase2_group_a,rr,10,clustered,homogeneous,18,9.0919,0.630923,4.8504,0.020521,10,10
phase2_group_a,rr,10,clustered,homogeneous,19,10.1426,0.579161,4.6466,0.018628,10,10
phase2_group_a,rr,10,clustered,homogeneous,20,9.0146,0.582269,4.7916,0.021645,10,10
phase2_group_a,rr,20,clustered,homogeneous,1,10.0641,0.684348,5.1652,0.028065,20,20
phase2_group_a,rr,20,clustered,homogeneous,2,11.3096,0.647589,5.0661,0.026801,20,20
phase2_group_a,rr,20,clustered,homogeneous,3,10.1026,0.637433,5.1712,0.028784,20,20
phase2_group_a,rr,20,clustered,homogeneous,4,11.8694,0.604354,5.0188,0.026824,20,20
phase2_group_a,rr,20,clustered,homogeneous,5,12.7715,0.607703,4.9464,0.02557,20,20
phase2_group_a,rr,20,clustered,homogeneous,6,11.1997,0.612346,5.0632,0.026647,20,20
phase2_group_a,rr,20,clustered,homogeneous,7,11.4393,0.626399,5.05,0.02724,20,20
phase2_group_a,rr,20,clustered,homogeneous,8,11.666,0.593255,5.0466,0.027653,20,20
phase2_group_a,rr,20,clustered,homogeneous,9,11.5688,0.618377,5.0684,0.026115,20,20
phase2_group_a,rr,20,clustered,homogeneous,10,12.1991,0.636482,5.0085,0.025173,20,20
phase2_group_a,rr,20,clustered,homogeneous,11,10.3053,0.700068,5.1224,0.026963,20,20
phase2_group_a,rr,20,clustered,homogeneous,12,12.0161,0.625778,4.9841,0.026218,20,20
phase2_group_a,rr,20,clustered,homogeneous,13,10.3482,0.646864,5.1327,0.028542,20,20
phase2_group_a,rr,20,clustered,homogeneous,14,11.5893,0.640674,5.0784,0.02536,20,20
phase2_group_a,rr,20,clustered,homogeneous,15,11.3047,0.621336,5.0764,0.027109,20,20
phase2_group_a,rr,20,clustered,homogeneous,16,12.2183,0.638725,5.0136,0.0246,20,20
phase2_group_a,rr,20,clustered,homogeneous,17,10.2573,0.615798,5.1225,0.028742,20,20
phase2_group_a,rr,20,clustered,homogeneous,18,11.0039,0.658934,5.09,0.026119,20,20
phase2_group_a,rr,20,clustered,homogeneous,19,11.9617,0.618282,5.0263,0.02557,20,20
phase2_group_a,rr,20,clustered,homogeneous,20,11.7566,0.616834,5.0321,0.026324,20,20
phase2_group_a,rr,40,clustered,homogeneous,1,10.928,0.682422,5.2678,0.030105,40,40
phase2_group_a,rr,40,clustered,homogeneous,2,10.7579,0.68682,5.2897,0.031038,40,40
phase2_group_a,rr,40,clustered,homogeneous,3,9.9905,0.67612,5.3686,0.032894,40,40
phase2_group_a,rr,40,clustered,homogeneous,4,10.5114,0.678117,5.3179,0.031529,40,40
phase2_group_a,rr,40,clustered,homogeneous,5,11.657,0.671738,5.1698,0.029453,40,40
phase2_group_a,rr,40,clustered,homogeneous,6,11.0908,0.652692,5.2289,0.031781,40,40
phase2_group_a,rr,40,clustered,homogeneous,7,11.0926,0.673385,5.2634,0.031111,40,40
phase2_group_a,rr,40,clustered,homogeneous,8,11.1635,0.691396,5.2499,0.029189,40,40
phase2_group_a,rr,40,clustered,homogeneous,9,11.7723,0.673112,5.1793,0.02796,40,40
phase2_group_a,rr,40,clustered,homogeneous,10,11.6579,0.674095,5.17,0.0297,40,40
phase2_group_a,rr,40,clustered,homogeneous,11,10.4903,0.679528,5.3077,0.031111,40,40
phase2_group_a,rr,40,clustered,homogeneous,12,11.4265,0.683754,5.212,0.028517,40,40
phase2_group_a,rr,40,clustered,homogeneous,13,11.0382,0.663921,5.2456,0.03168,40,40
phase2_group_a,rr,40,clustered,homogeneous,14,10.8225,0.663484,5.2711,0.032005,40,40
phase2_group_a,rr,40,clustered,homogeneous,15,10.9824,0.68241,5.2783,0.030759,40,40
phase2_group_a,rr,40,clustered,homogeneous,16,11.6247,0.669163,5.1621,0.030125,40,40
phase2_group_a,rr,40,clustered,homogeneous,17,10.4442,0.69703,5.3403,0.030474,40,40
phase2_group_a,rr,40,clustered,homogeneous,18,11.0793,0.663459,5.2395,0.030819,40,40
phase2_group_a,rr,40,clustered,homogeneous,19,11.5829,0.679075,5.1886,0.028337,40,40
phase2_group_a,rr,40,clustered,homogeneous,20,11.088,0.663127,5.2512,0.031369,40,40
phase2_group_a,rr,10,uniform,homogeneous,1,5.0118,0.647296,5.2709,0.033249,10,10
phase2_group_a,rr,10,uniform,homogeneous,2,6.4977,0.704807,5.1516,0.025601,10,10
phase2_group_a,rr,10,uniform,homogeneous,3,4.8522,0.725308,5.2146,0.032118,10,10
phase2_group_a,rr,10,uniform,homogeneous,4,4.5837,0.657579,5.3011,0.035137,10,10
phase2_group_a,rr,10,uniform,homogeneous,5,4.4349,0.670603,5.3915,0.037376,10,10
phase2_group_a,rr,10,uniform,homogeneous,6,5.7095,0.666518,5.163,0.028524,10,10
phase2_group_a,rr,10,uniform,homogeneous,7,8.6439,0.598899,4.8544,0.020828,10,10
phase2_group_a,rr,10,uniform,homogeneous,8,4.7241,0.803363,5.2718,0.032781,10,10
phase2_group_a,rr,10,uniform,homogeneous,9,5.789,0.562142,5.2077,0.031115,10,10
phase2_group_a,rr,10,uniform,homogeneous,10,8.258,0.592493,4.9547,0.022295,10,10
phase2_group_a,rr,10,uniform,homogeneous,11,5.2139,0.664131,5.229,0.034066,10,10
phase2_group_a,rr,10,uniform,homogeneous,12,5.3735,0.714698,5.2072,0.031669,10,10
phase2_group_a,rr,10,uniform,homogeneous,13,4.6842,0.604823,5.3276,0.035994,10,10
phase2_group_a,rr,10,uniform,homogeneous,14,7.5027,0.558812,4.9815,0.024905,10,10
phase2_group_a,rr,10,uniform,homogeneous,15,5.0984,0.83593,5.2474,0.029003,10,10
phase2_group_a,rr,10,uniform,homogeneous,16,6.7731,0.609921,5.0166,0.025761,10,10
phase2_group_a,rr,10,uniform,homogeneous,17,4.5615,0.536569,5.3183,0.037517,10,10
phase2_group_a,rr,10,uniform,homogeneous,18,4.1603,0.758582,5.3364,0.038755,10,10
phase2_group_a,rr,10,uniform,homogeneous,19,4.6591,0.660576,5.3545,0.036849,10,10
phase2_group_a,rr,10,uniform,homogeneous,20,5.4712,0.7559,5.2138,0.029623,10,10
phase2_group_a,rr,20,uniform,homogeneous,1,6.0901,0.682378,5.413,0.040022,20,20
phase2_group_a,rr,20,uniform,homogeneous,2,8.4106,0.6601,5.201,0.03235,20,20
phase2_group_a,rr,20,uniform,homogeneous,3,9.3563,0.604871,5.1609,0.031109,20,20
phase2_group_a,rr,20,uniform,homogeneous,4,5.768,0.765203,5.3482,0.039431,20,20
phase2_group_a,rr,20,uniform,homogeneous,5,5.2351,0.752961,5.3762,0.041527,20,20
phase2_group_a,rr,20,uniform,homogeneous,6,8.5868,0.675173,5.2237,0.030958,20,20
phase2_group_a,rr,20,uniform,homogeneous,7,9.2486,0.594104,5.154,0.030239,20,20
phase2_group_a,rr,20,uniform,homogeneous,8,7.0779,0.691032,5.292,0.034436,20,20
phase2_group_a,rr,20,uniform,homogeneous,9,6.4261,0.619976,5.3445,0.039534,20,20
phase2_group_a,rr,20,uniform,homogeneous,10,8.9867,0.602016,5.193,0.031851,20,20
phase2_group_a,rr,20,uniform,homogeneous,11,6.9274,0.646907,5.2864,0.037329,20,20
phase2_group_a,rr,20,uniform,homogeneous,12,5.9458,0.668295,5.3818,0.041714,20,20
phase2_group_a,rr,20,uniform,homogeneous,13,5.9202,0.67163,5.383,0.040979,20,20
phase2_group_a,rr,20,uniform,homogeneous,14,7.5212,0.518571,5.2925,0.036806,20,20
phase2_group_a,rr,20,uniform,homogeneous,15,6.5944,0.731739,5.3624,0.038124,20,20
phase2_group_a,rr,20,uniform,homogeneous,16,8.435,0.539425,5.178,0.035252,20,20
phase2_group_a,rr,20,uniform,homogeneous,17,6.3462,0.444312,5.3682,0.043182,20,20
phase2_group_a,rr,20,uniform,homogeneous,18,5.9467,0.780498,5.3567,0.038685,20,20
phase2_group_a,rr,20,uniform,homogeneous,19,7.8694,0.546814,5.2888,0.036638,20,20
phase2_group_a,rr,20,uniform,homogeneous,20,7.7805,0.642632,5.2479,0.034895,20,20
phase2_group_a,rr,40,uniform,homogeneous,1,6.6717,0.627979,5.6235,0.045183,40,40
phase2_group_a,rr,40,uniform,homogeneous,2,7.5375,0.678826,5.5655,0.041313,40,40
phase2_group_a,rr,40,uniform,homogeneous,3,9.6025,0.6718,5.3723,0.03319,40,40
phase2_group_a,rr,40,uniform,homogeneous,4,5.2974,0.737227,5.7384,0.050854,40,40
phase2_group_a,rr,40,uniform,homogeneous,5,5.7208,0.591446,5.6853,0.049988,40,40
phase2_group_a,rr,40,uniform,homogeneous,6,7.3661,0.64539,5.5611,0.042591,40,40
phase2_group_a,rr,40,uniform,homogeneous,7,6.7376,0.629089,5.6145,0.044271,40,40
phase2_group_a,rr,40,uniform,homogeneous,8,6.7806,0.59929,5.5837,0.044794,40,40
phase2_group_a,rr,40,uniform,homogeneous,9,7.0582,0.628562,5.6179,0.042941,40,40
phase2_group_a,rr,40,uniform,homogeneous,10,8.0707,0.626769,5.522,0.040956,40,40
phase2_group_a,rr,40,uniform,homogeneous,11,6.041,0.661771,5.6845,0.048054,40,40
phase2_group_a,rr,40,uniform,homogeneous,12,4.9437,0.747338,5.7551,0.050381,40,40
phase2_group_a,rr,40,uniform,homogeneous,13,6.0116,0.675843,5.6992,0.047697,40,40
phase2_group_a,rr,40,uniform,homogeneous,14,6.8114,0.608566,5.6133,0.044464,40,40
phase2_group_a,rr,40,uniform,homogeneous,15,7.1357,0.636432,5.581,0.042833,40,40
phase2_group_a,rr,40,uniform,homogeneous,16,6.7404,0.554614,5.5841,0.047032,40,40
phase2_group_a,rr,40,uniform,homogeneous,17,6.2824,0.636053,5.6505,0.046412,40,40
phase2_group_a,rr,40,uniform,homogeneous,18,7.2726,0.61268,5.586,0.042358,40,40
phase2_group_a,rr,40,uniform,homogeneous,19,6.8481,0.594487,5.5894,0.044391,40,40
phase2_group_a,rr,40,uniform,homogeneous,20,5.9994,0.680463,5.6668,0.047378,40,40
phase2_group_a,tta,10,clustered,homogeneous,1,15.4171,0.702124,3.3955,0.008881,10,10
phase2_group_a,tta,10,clustered,homogeneous,2,15.9144,0.782364,3.4365,0.004371,10,10
phase2_group_a,tta,10,clustered,homogeneous,3,14.101,0.706888,3.3551,0.009199,10,10
phase2_group_a,tta,10,clustered,homogeneous,4,14.0239,0.782404,3.3565,0.00759,10,10
phase2_group_a,tta,10,clustered,homogeneous,5,14.8438,0.757305,3.368,0.007525,10,10
phase2_group_a,tta,10,clustered,homogeneous,6,14.0611,0.673121,3.3772,0.007201,10,10
phase2_group_a,tta,10,clustered,homogeneous,7,15.276,0.733962,3.3969,0.009486,10,10
phase2_group_a,tta,10,clustered,homogeneous,8,12.9891,0.675438,3.3693,0.010431,10,10
phase2_group_a,tta,10,clustered,homogeneous,9,14.9241,0.715133,3.3984,0.008197,10,10
phase2_group_a,tta,10,clustered,homogeneous,10,16.1984,0.763398,3.3957,0.007037,10,10
phase2_group_a,tta,10,clustered,homogeneous,11,16.2059,0.735117,3.4032,0.006394,10,10
phase2_group_a,tta,10,clustered,homogeneous,12,13.4762,0.773727,3.346,0.006393,10,10
phase2_group_a,tta,10,clustered,homogeneous,13,15.063,0.718307,3.3966,0.007219,10,10
phase2_group_a,tta,10,clustered,homogeneous,14,15.6362,0.79022,3.3788,0.008101,10,10
phase2_group_a,tta,10,clustered,homogeneous,15,16.0467,0.760928,3.4335,0.004721,10,10
phase2_group_a,tta,10,clustered,homogeneous,16,15.4799,0.79651,3.4216,0.007916,10,10
phase2_group_a,tta,10,clustered,homogeneous,17,13.9136,0.714459,3.3836,0.007318,10,10
phase2_group_a,tta,10,clustered,homogeneous,18,15.4743,0.789407,3.3972,0.0076,10,10
phase2_group_a,tta,10,clustered,homogeneous,19,13.0366,0.770258,3.3264,0.009466,10,10
phase2_group_a,tta,10,clustered,homogeneous,20,14.0089,0.741039,3.3779,0.009573,10,10
phase2_group_a,tta,20,clustered,homogeneous,1,14.5388,0.72607,3.5904,0.01183,20,20
phase2_group_a,tta,20,clustered,homogeneous,2,14.3136,0.790666,3.5906,0.010209,20,20
phase2_group_a,tta,20,clustered,homogeneous,3,13.6406,0.689292,3.5718,0.014208,20,20
phase2_group_a,tta,20,clustered,homogeneous,4,12.7979,0.760742,3.5391,0.011693,20,20
phase2_group_a,tta,20,clustered,homogeneous,5,12.8064,0.764494,3.4743,0.013267,20,20
phase2_group_a,tta,20,clustered,homogeneous,6,13.5985,0.637872,3.545,0.009933,20,20
phase2_group_a,tta,20,clustered,homogeneous,7,13.6537,0.775486,3.5978,0.009732,20,20
phase2_group_a,tta,20,clustered,homogeneous,8,12.3438,0.710165,3.5277,0.01324,20,20
phase2_group_a,tta,20,clustered,homogeneous,9,13.4788,0.718759,3.586,0.012053,20,20
phase2_group_a,tta,20,clustered,homogeneous,10,14.2262,0.734356,3.562,0.008573,20,20
phase2_group_a,tta,20,clustered,homogeneous,11,14.9223,0.743183,3.6164,0.010382,20,20
phase2_group_a,tta,20,clustered,homogeneous,12,13.6614,0.720635,3.5447,0.008477,20,20
phase2_group_a,tta,20,clustered,homogeneous,13,13.8779,0.726637,3.6002,0.011589,20,20
phase2_group_a,tta,20,clustered,homogeneous,14,14.0876,0.786638,3.5703,0.014327,20,20
phase2_group_a,tta,20,clustered,homogeneous,15,13.844,0.731061,3.5599,0.00933,20,20
phase2_group_a,tta,20,clustered,homogeneous,16,14.0551,0.768785,3.5932,0.011651,20,20
phase2_group_a,tta,20,clustered,homogeneous,17,12.95,0.666484,3.5772,0.012126,20,20
phase2_group_a,tta,20,clustered,homogeneous,18,14.5183,0.746959,3.5808,0.010508,20,20
phase2_group_a,tta,20,clustered,homogeneous,19,13.2299,0.683967,3.5005,0.010279,20,20
phase2_group_a,tta,20,clustered,homogeneous,20,13.5984,0.696061,3.5267,0.012029,20,20
phase2_group_a,tta,40,clustered,homogeneous,1,13.4737,0.756286,3.7958,0.014068,40,40
phase2_group_a,tta,40,clustered,homogeneous,2,13.8727,0.73292,3.8295,0.012502,40,40
phase2_group_a,tta,40,clustered,homogeneous,3,13.4049,0.692887,3.7802,0.017601,40,40
phase2_group_a,tta,40,clustered,homogeneous,4,13.1519,0.697943,3.7529,0.015968,40,40
phase2_group_a,tta,40,clustered,homogeneous,5,12.9343,0.699441,3.7464,0.014065,40,40
phase2_group_a,tta,40,clustered,homogeneous,6,12.716,0.6812,3.7208,0.01354,40,40
phase2_group_a,tta,40,clustered,homogeneous,7,12.9033,0.733545,3.7979,0.014443,40,40
phase2_group_a,tta,40,clustered,homogeneous,8,13.9537,0.732246,3.8041,0.014811,40,40
phase2_group_a,tta,40,clustered,homogeneous,9,12.9518,0.713347,3.7649,0.017044,40,40
phase2_group_a,tta,40,clustered,homogeneous,10,12.8738,0.741021,3.8073,0.013487,40,40
phase2_group_a,tta,40,clustered,homogeneous,11,13.2416,0.706845,3.7985,0.014578,40,40
phase2_group_a,tta,40,clustered,homogeneous,12,13.7316,0.649173,3.757,0.013879,40,40
phase2_group_a,tta,40,clustered,homogeneous,13,13.1699,0.663444,3.7807,0.014888,40,40
phase2_group_a,tta,40,clustered,homogeneous,14,12.6983,0.72831,3.8081,0.019059,40,40
phase2_group_a,tta,40,clustered,homogeneous,15,13.6609,0.759878,3.8259,0.014632,40,40
phase2_group_a,tta,40,clustered,homogeneous,16,13.2312,0.710398,3.7799,0.014178,40,40
phase2_group_a,tta,40,clustered,homogeneous,17,13.6008,0.729389,3.838,0.013172,40,40
phase2_group_a,tta,40,clustered,homogeneous,18,12.6841,0.707891,3.7747,0.016399,40,40
phase2_group_a,tta,40,clustered,homogeneous,19,13.592,0.683066,3.7492,0.011907,40,40
phase2_group_a,tta,40,clustered,homogeneous,20,12.9172,0.676326,3.7824,0.016947,40,40
phase2_group_a,tta,10,uniform,homogeneous,1,10.6972,0.72167,3.3417,0.016064,10,10
phase2_group_a,tta,10,uniform,homogeneous,2,13.8676,0.747054,3.3593,0.012042,10,10
phase2_group_a,tta,10,uniform,homogeneous,3,10.3828,0.799637,3.2974,0.01385,10,10
phase2_group_a,tta,10,uniform,homogeneous,4,9.8229,0.751238,3.3282,0.016653,10,10
phase2_group_a,tta,10,uniform,homogeneous,5,9.5616,0.75793,3.3315,0.016511,10,10
phase2_group_a,tta,10,uniform,homogeneous,6,12.2207,0.691161,3.3508,0.012853,10,10
phase2_group_a,tta,10,uniform,homogeneous,7,13.8637,0.776124,3.3636,0.004356,10,10
phase2_group_a,tta,10,uniform,homogeneous,8,9.8518,0.933138,3.3135,0.011301,10,10
phase2_group_a,tta,10,uniform,homogeneous,9,11.6166,0.676054,3.3662,0.013021,10,10
phase2_group_a,tta,10,uniform,homogeneous,10,14.1607,0.703965,3.3477,0.011834,10,10
phase2_group_a,tta,10,uniform,homogeneous,11,11.1194,0.722247,3.3687,0.007651,10,10
phase2_group_a,tta,10,uniform,homogeneous,12,11.5966,0.689979,3.3478,0.01049,10,10
phase2_group_a,tta,10,uniform,homogeneous,13,9.7309,0.66032,3.3164,0.020632,10,10
phase2_group_a,tta,10,uniform,homogeneous,14,13.2348,0.696006,3.3678,0.01141,10,10
phase2_group_a,tta,10,uniform,homogeneous,15,11.2393,0.841703,3.3546,0.006315,10,10
phase2_group_a,tta,10,uniform,homogeneous,16,12.3669,0.882754,3.3276,0.007891,10,10
phase2_group_a,tta,10,uniform,homogeneous,17,9.3827,0.652843,3.3416,0.017535,10,10
phase2_group_a,tta,10,uniform,homogeneous,18,8.8535,0.898326,3.3022,0.016282,10,10
phase2_group_a,tta,10,uniform,homogeneous,19,9.9996,0.745742,3.331,0.019265,10,10
phase2_group_a,tta,10,uniform,homogeneous,20,11.8974,0.753347,3.3606,0.007335,10,10
phase2_group_a,tta,20,uniform,homogeneous,1,9.1079,0.777558,3.4641,0.023753,20,20
phase2_group_a,tta,20,uniform,homogeneous,2,11.9119,0.786865,3.5392,0.013269,20,20
phase2_group_a,tta,20,uniform,homogeneous,3,12.3846,0.712028,3.529,0.011751,20,20
phase2_group_a,tta,20,uniform,homogeneous,4,8.8808,0.853151,3.4897,0.01583,20,20
phase2_group_a,tta,20,uniform,homogeneous,5,8.1493,0.895455,3.4834,0.019487,20,20
phase2_group_a,tta,20,uniform,homogeneous,6,12.3628,0.76581,3.543,0.014321,20,20
phase2_group_a,tta,20,uniform,homogeneous,7,11.5685,0.742347,3.4696,0.010576,20,20
phase2_group_a,tta,20,uniform,homogeneous,8,10.2347,0.807493,3.4947,0.016723,20,20
phase2_group_a,tta,20,uniform,homogeneous,9,9.3925,0.715838,3.5402,0.020152,20,20
phase2_group_a,tta,20,uniform,homogeneous,10,11.9461,0.673975,3.4995,0.01576,20,20
phase2_group_a,tta,20,uniform,homogeneous,11,10.2132,0.724157,3.5354,0.017541,20,20
phase2_group_a,tta,20,uniform,homogeneous,12,8.5838,0.742347,3.4504,0.027526,20,20
phase2_group_a,tta,20,uniform,homogeneous,13,8.7889,0.775563,3.4897,0.023802,20,20
phase2_group_a,tta,20,uniform,homogeneous,14,9.9253,0.688637,3.5427,0.019822,20,20
phase2_group_a,tta,20,uniform,homogeneous,15,10.0217,0.855512,3.463,0.016278,20,20
phase2_group_a,tta,20,uniform,homogeneous,16,9.53,0.879974,3.4642,0.015357,20,20
phase2_group_a,tta,20,uniform,homogeneous,17,7.6349,0.771772,3.516,0.026457,20,20
phase2_group_a,tta,20,uniform,homogeneous,18,8.7825,0.943227,3.5145,0.017749,20,20
phase2_group_a,tta,20,uniform,homogeneous,19,9.9404,0.72122,3.4545,0.023321,20,20
phase2_group_a,tta,20,uniform,homogeneous,20,11.3507,0.703826,3.5573,0.014254,20,20
phase2_group_a,tta,40,uniform,homogeneous,1,8.4447,0.834511,3.6927,0.033236,40,40
phase2_group_a,tta,40,uniform,homogeneous,2,10.5717,0.771673,3.744,0.021621,40,40
phase2_group_a,tta,40,uniform,homogeneous,3,12.2327,0.751625,3.7614,0.017391,39,40
phase2_group_a,tta,40,uniform,homogeneous,4,8.0769,0.815769,3.6802,0.029462,40,40
phase2_group_a,tta,40,uniform,homogeneous,5,7.6737,0.802424,3.7111,0.032594,40,40
phase2_group_a,tta,40,uniform,homogeneous,6,9.6925,0.811904,3.7023,0.029947,40,40
phase2_group_a,tta,40,uniform,homogeneous,7,8.7279,0.840915,3.6864,0.023988,40,40
phase2_group_a,tta,40,uniform,homogeneous,8,8.0635,0.856826,3.672,0.030326,40,40
phase2_group_a,tta,40,uniform,homogeneous,9,9.5107,0.7501,3.7046,0.027559,40,40
phase2_group_a,tta,40,uniform,homogeneous,10,10.1561,0.764536,3.7429,0.028665,40,40
phase2_group_a,tta,40,uniform,homogeneous,11,8.5282,0.744378,3.6982,0.032985,40,40
phase2_group_a,tta,40,uniform,homogeneous,12,7.2238,0.83187,3.6524,0.032859,40,40
phase2_group_a,tta,40,uniform,homogeneous,13,8.2564,0.819681,3.6641,0.030338,40,40
phase2_group_a,tta,40,uniform,homogeneous,14,9.0696,0.743617,3.7232,0.026039,40,40
phase2_group_a,tta,40,uniform,homogeneous,15,9.5394,0.778215,3.7,0.022614,40,40
phase2_group_a,tta,40,uniform,homogeneous,16,7.7648,0.879864,3.6809,0.029637,40,40
phase2_group_a,tta,40,uniform,homogeneous,17,8.0889,0.858937,3.6984,0.028521,40,40
phase2_group_a,tta,40,uniform,homogeneous,18,9.0916,0.832466,3.7297,0.027536,40,40
phase2_group_a,tta,40,uniform,homogeneous,19,8.2593,0.788582,3.685,0.031635,40,40
phase2_group_a,tta,40,uniform,homogeneous,20,8.7395,0.75851,3.7179,0.026531,40,40
phase3_group_b,bet,10,clustered,heterogeneous,1,5.0305,0.765243,4.8365,0.014579,10,10
phase3_group_b,bet,10,clustered,heterogeneous,2,5.3069,0.761673,4.8398,0.012506,10,10
phase3_group_b,bet,10,clustered,heterogeneous,3,4.4948,0.772658,4.7899,0.017769,10,10
phase3_group_b,bet,10,clustered,heterogeneous,4,5.1991,0.762754,4.5855,0.015083,10,10
phase3_group_b,bet,10,clustered,heterogeneous,5,5.1416,0.763694,4.5898,0.014711,10,10
phase3_group_b,bet,10,clustered,heterogeneous,6,4.8047,0.768207,4.7176,0.017408,10,10
phase3_group_b,bet,10,clustered,heterogeneous,7,4.6344,0.770646,4.8079,0.017735,10,10
phase3_group_b,bet,10,clustered,heterogeneous,8,4.7002,0.7696,4.6907,0.016666,10,10
phase3_group_b,bet,10,clustered,heterogeneous,9,4.8813,0.767421,4.8504,0.014464,10,10
phase3_group_b,bet,10,clustered,heterogeneous,10,5.4799,0.759992,4.706,0.012855,10,10
phase3_group_b,bet,10,clustered,heterogeneous,11,5.1149,0.764017,4.8024,0.013828,10,10
phase3_group_b,bet,10,clustered,heterogeneous,12,5.3575,0.761227,4.6453,0.013475,10,10
phase3_group_b,bet,10,clustered,heterogeneous,13,5.081,0.764781,4.8012,0.013374,10,10
phase3_group_b,bet,10,clustered,heterogeneous,14,5.0813,0.764262,4.6724,0.015042,10,10
phase3_group_b,bet,10,clustered,heterogeneous,15,5.4951,0.759766,4.8035,0.0115,10,10
phase3_group_b,bet,10,clustered,heterogeneous,16,5.2597,0.762422,4.7482,0.014608,10,10
phase3_group_b,bet,10,clustered,heterogeneous,17,4.8393,0.767655,4.7642,0.015685,10,10
phase3_group_b,bet,10,clustered,heterogeneous,18,5.3134,0.76195,4.6751,0.013498,10,10
phase3_group_b,bet,10,clustered,heterogeneous,19,5.3177,0.761164,4.4233,0.013953,10,10
phase3_group_b,bet,10,clustered,heterogeneous,20,4.7862,0.768272,4.6503,0.017687,10,10
phase3_group_b,bet,20,clustered,heterogeneous,1,4.5769,0.807068,5.0203,0.023315,20,20
phase3_group_b,bet,20,clustered,heterogeneous,2,4.7761,0.800355,4.902,0.022354,20,20
phase3_group_b,bet,20,clustered,heterogeneous,3,4.2678,0.817348,4.9697,0.025654,20,20
phase3_group_b,bet,20,clustered,heterogeneous,4,4.6369,0.805086,4.8004,0.025305,20,20
phase3_group_b,bet,20,clustered,heterogeneous,5,4.9242,0.795726,4.732,0.022291,20,20
phase3_group_b,bet,20,clustered,heterogeneous,6,4.5931,0.806213,4.9165,0.023853,20,20
phase3_group_b,bet,20,clustered,heterogeneous,7,4.5526,0.807346,4.8901,0.024433,20,20
phase3_group_b,bet,20,clustered,heterogeneous,8,4.4598,0.810823,4.836,0.023818,20,20
phase3_group_b,bet,20,clustered,heterogeneous,9,4.6467,0.804551,4.8703,0.022775,20,20
phase3_group_b,bet,20,clustered,heterogeneous,10,5.0426,0.792639,4.8256,0.020738,20,20
phase3_group_b,bet,20,clustered,heterogeneous,11,4.6917,0.803132,5.0298,0.021945,20,20
phase3_group_b,bet,20,clustered,heterogeneous,12,4.9492,0.794957,4.8157,0.021607,20,20
phase3_group_b,bet,20,clustered,heterogeneous,13,4.4817,0.810067,4.9806,0.024249,20,20
phase3_group_b,bet,20,clustered,heterogeneous,14,4.5244,0.808921,4.8682,0.022437,20,20
phase3_group_b,bet,20,clustered,heterogeneous,15,4.6297,0.804936,4.9098,0.022676,20,20
phase3_group_b,bet,20,clustered,heterogeneous,16,4.7073,0.802671,4.832,0.022807,20,20
phase3_group_b,bet,20,clustered,heterogeneous,17,4.3834,0.813626,4.9536,0.024354,20,20
phase3_group_b,bet,20,clustered,heterogeneous,18,4.6134,0.806146,4.9196,0.022932,20,20
phase3_group_b,bet,20,clustered,heterogeneous,19,4.9402,0.795584,4.8353,0.020807,20,20
phase3_group_b,bet,20,clustered,heterogeneous,20,4.6266,0.805233,4.833,0.023461,20,20
phase3_group_b,bet,40,clustered,heterogeneous,1,5.2492,0.921441,4.9669,0.031765,40,40
phase3_group_b,bet,40,clustered,heterogeneous,2,5.1252,0.926007,4.9987,0.033862,40,40
phase3_group_b,bet,40,clustered,heterogeneous,3,4.7645,0.940658,5.0316,0.036154,40,40
phase3_group_b,bet,40,clustered,heterogeneous,4,5.0574,0.92851,5.0245,0.033647,40,40
phase3_group_b,bet,40,clustered,heterogeneous,5,5.3195,0.918412,4.8757,0.033067,40,40
phase3_group_b,bet,40,clustered,heterogeneous,6,5.1655,0.924744,4.9394,0.03285,40,40
phase3_group_b,bet,40,clustered,heterogeneous,7,5.2084,0.923071,4.9375,0.033329,40,40
phase3_group_b,bet,40,clustered,heterogeneous,8,5.2035,0.923203,4.9641,0.033109,40,40
phase3_group_b,bet,40,clustered,heterogeneous,9,5.2848,0.920246,4.8926,0.032678,40,40
phase3_group_b,bet,40,clustered,heterogeneous,10,5.3734,0.916456,4.9181,0.03347,40,40
phase3_group_b,bet,40,clustered,heterogeneous,11,5.1082,0.927099,5.0119,0.032494,40,40
phase3_group_b,bet,40,clustered,heterogeneous,12,5.3272,0.918547,4.955,0.031113,40,40
phase3_group_b,bet,40,clustered,heterogeneous,13,5.0856,0.927577,4.9404,0.034677,40,40
phase3_group_b,bet,40,clustered,heterogeneous,14,4.8902,0.935455,4.9793,0.034615,40,40
phase3_group_b,bet,40,clustered,heterogeneous,15,5.1722,0.9246,4.9499,0.033524,40,40
phase3_group_b,bet,40,clustered,heterogeneous,16,5.351,0.917247,4.8835,0.032488,40,40
phase3_group_b,bet,40,clustered,heterogeneous,17,5.0854,0.928103,5.0368,0.032894,40,40
phase3_group_b,bet,40,clustered,heterogeneous,18,5.0385,0.929388,4.9335,0.034244,40,40
phase3_group_b,bet,40,clustered,heterogeneous,19,5.4276,0.914369,4.9094,0.03196,40,40
phase3_group_b,bet,40,clustered,heterogeneous,20,5.0344,0.929416,4.9418,0.034121,40,40
phase3_group_b,bet,10,uniform,heterogeneous,1,3.4681,0.792622,4.9547,0.023955,10,10
phase3_group_b,bet,10,uniform,heterogeneous,2,4.3023,0.775969,4.8674,0.018032,10,10
phase3_group_b,bet,10,uniform,heterogeneous,3,3.5984,0.78958,4.9421,0.023632,10,10
phase3_group_b,bet,10,uniform,heterogeneous,4,3.1956,0.801164,4.9975,0.026659,10,10
phase3_group_b,bet,10,uniform,heterogeneous,5,3.1653,0.802785,5.0034,0.02697,10,10
phase3_group_b,bet,10,uniform,heterogeneous,6,3.8605,0.783242,4.8936,0.019003,10,10
phase3_group_b,bet,10,uniform,heterogeneous,7,5.8669,0.756051,4.6787,0.011855,10,10
phase3_group_b,bet,10,uniform,heterogeneous,8,3.773,0.786145,4.9591,0.022017,10,10
phase3_group_b,bet,10,uniform,heterogeneous,9,3.7312,0.786557,4.9299,0.021701,10,10
phase3_group_b,bet,10,uniform,heterogeneous,10,4.7489,0.76842,4.7191,0.018395,10,10
phase3_group_b,bet,10,uniform,heterogeneous,11,4.0104,0.781473,4.9542,0.020884,10,10
phase3_group_b,bet,10,uniform,heterogeneous,12,4.0081,0.781762,5.0066,0.021881,10,10
phase3_group_b,bet,10,uniform,heterogeneous,13,3.0356,0.805897,5.0097,0.030459,10,10
phase3_group_b,bet,10,uniform,heterogeneous,14,4.2093,0.777433,4.7738,0.018432,10,10
phase3_group_b,bet,10,uniform,heterogeneous,15,4.324,0.776437,4.9768,0.016886,10,10
phase3_group_b,bet,10,uniform,heterogeneous,16,4.8433,0.76782,4.816,0.01506,10,10
phase3_group_b,bet,10,uniform,heterogeneous,17,3.0994,0.804032,4.9654,0.029244,10,10
phase3_group_b,bet,10,uniform,heterogeneous,18,3.2237,0.799945,5.0128,0.027478,10,10
phase3_group_b,bet,10,uniform,heterogeneous,19,3.248,0.798485,4.9745,0.026552,10,10
phase3_group_b,bet,10,uniform,heterogeneous,20,4.1634,0.778472,4.9461,0.020551,10,10
phase3_group_b,bet,20,uniform,heterogeneous,1,3.0672,0.878696,5.1796,0.038982,20,20
phase3_group_b,bet,20,uniform,heterogeneous,2,3.9937,0.829248,5.0693,0.028242,20,20
phase3_group_b,bet,20,uniform,heterogeneous,3,4.1868,0.821143,5.003,0.027785,20,20
phase3_group_b,bet,20,uniform,heterogeneous,4,3.2275,0.869171,5.2037,0.037278,20,20
phase3_group_b,bet,20,uniform,heterogeneous,5,2.9833,0.886308,5.1852,0.038684,20,20
phase3_group_b,bet,20,uniform,heterogeneous,6,3.9108,0.832681,5.119,0.027378,20,20
phase3_group_b,bet,20,uniform,heterogeneous,7,4.1916,0.820707,4.9981,0.026465,20,20
phase3_group_b,bet,20,uniform,heterogeneous,8,3.5437,0.851056,5.1627,0.03153,20,20
phase3_group_b,bet,20,uniform,heterogeneous,9,3.2355,0.867558,5.1548,0.037624,20,20
phase3_group_b,bet,20,uniform,heterogeneous,10,3.8252,0.836912,5.0262,0.029762,20,20
phase3_group_b,bet,20,uniform,heterogeneous,11,3.454,0.856525,5.1383,0.034642,20,20
phase3_group_b,bet,20,uniform,heterogeneous,12,2.9911,0.884403,5.1778,0.040564,20,20
phase3_group_b,bet,20,uniform,heterogeneous,13,3.1039,0.876088,5.1625,0.03728,20,20
phase3_group_b,bet,20,uniform,heterogeneous,14,3.2497,0.867612,5.0487,0.034612,20,20
phase3_group_b,bet,20,uniform,heterogeneous,15,3.4442,0.85664,5.2105,0.033817,20,20
phase3_group_b,bet,20,uniform,heterogeneous,16,3.7585,0.838798,5.0111,0.031488,20,20
phase3_group_b,bet,20,uniform,heterogeneous,17,2.8823,0.892454,5.0781,0.041128,20,20
phase3_group_b,bet,20,uniform,heterogeneous,18,3.3075,0.864632,5.2024,0.034751,20,20
phase3_group_b,bet,20,uniform,heterogeneous,19,3.3517,0.860603,5.089,0.03572,20,20
phase3_group_b,bet,20,uniform,heterogeneous,20,3.8187,0.83665,5.1079,0.030004,20,20
phase3_group_b,bet,40,uniform,heterogeneous,1,3.5697,0.989712,5.2816,0.046853,40,40
phase3_group_b,bet,40,uniform,heterogeneous,2,4.0483,0.971113,5.2464,0.042101,40,40
phase3_group_b,bet,40,uniform,heterogeneous,3,4.7924,0.939441,5.0664,0.035014,40,40
phase3_group_b,bet,40,uniform,heterogeneous,4,3.3663,0.995415,5.4504,0.048447,40,40
phase3_group_b,bet,40,uniform,heterogeneous,5,3.2914,0.996667,5.3605,0.050036,40,40
phase3_group_b,bet,40,uniform,heterogeneous,6,3.801,0.981093,5.2341,0.043567,40,40
phase3_group_b,bet,40,uniform,heterogeneous,7,3.797,0.981363,5.2834,0.042928,40,40
phase3_group_b,bet,40,uniform,heterogeneous,8,3.6141,0.987626,5.2808,0.046258,40,40
phase3_group_b,bet,40,uniform,heterogeneous,9,3.7556,0.982724,5.2578,0.044099,40,40
phase3_group_b,bet,40,uniform,heterogeneous,10,3.9047,0.976174,5.1803,0.043811,40,40
phase3_group_b,bet,40,uniform,heterogeneous,11,3.4265,0.993903,5.3894,0.047303,40,40
phase3_group_b,bet,40,uniform,heterogeneous,12,3.2037,0.998264,5.4631,0.050516,40,40
phase3_group_b,bet,40,uniform,heterogeneous,13,3.4613,0.991955,5.3614,0.048335,40,40
phase3_group_b,bet,40,uniform,heterogeneous,14,3.6726,0.985716,5.291,0.04474,40,40
phase3_group_b,bet,40,uniform,heterogeneous,15,3.9208,0.975872,5.2388,0.041702,40,40
phase3_group_b,bet,40,uniform,heterogeneous,16,3.5971,0.98807,5.2721,0.046558,40,40
phase3_group_b,bet,40,uniform,heterogeneous,17,3.6084,0.987539,5.3317,0.046236,40,40
phase3_group_b,bet,40,uniform,heterogeneous,18,3.7732,0.981472,5.2357,0.044226,40,40
phase3_group_b,bet,40,uniform,heterogeneous,19,3.5912,0.988038,5.2836,0.046585,40,40
phase3_group_b,bet,40,uniform,heterogeneous,20,3.5894,0.988679,5.3757,0.04592,40,40
phase3_group_b,mlwdf,10,clustered,heterogeneous,1,12.5305,0.560001,3.2468,0.004435,10,10
phase3_group_b,mlwdf,10,clustered,heterogeneous,2,13.0734,0.55535,3.2481,0.002852,10,10
phase3_group_b,mlwdf,10,clustered,heterogeneous,3,11.1813,0.58876,3.2022,0.006029,10,10
phase3_group_b,mlwdf,10,clustered,heterogeneous,4,12.6011,0.552598,3.2066,0.003611,10,10
phase3_group_b,mlwdf,10,clustered,heterogeneous,5,12.1396,0.610074,3.2243,0.005566,10,10
phase3_group_b,mlwdf,10,clustered,heterogeneous,6,12.4191,0.519972,3.2166,0.004373,10,10
phase3_group_b,mlwdf,10,clustered,heterogeneous,7,11.8639,0.549884,3.2408,0.006273,10,10
phase3_group_b,mlwdf,10,clustered,heterogeneous,8,11.353,0.602705,3.2214,0.004957,10,10
phase3_group_b,mlwdf,10,clustered,heterogeneous,9,12.1716,0.548672,3.2167,0.003974,10,10
phase3_group_b,mlwdf,10,clustered,heterogeneous,10,13.0519,0.561114,3.2515,0.004583,10,10
phase3_group_b,mlwdf,10,clustered,heterogeneous,11,12.7267,0.595948,3.2191,0.002827,10,10
phase3_group_b,mlwdf,10,clustered,heterogeneous,12,13.2236,0.529591,3.2205,0.003613,10,10
phase3_group_b,mlwdf,10,clustered,heterogeneous,13,12.2183,0.586247,3.2464,0.003071,10,10
phase3_group_b,mlwdf,10,clustered,heterogeneous,14,13.0167,0.550631,3.2496,0.004247,10,10
phase3_group_b,mlwdf,10,clustered,heterogeneous,15,13.2794,0.600961,3.247,0.002785,10,10
phase3_group_b,mlwdf,10,clustered,heterogeneous,16,12.7739,0.57883,3.2274,0.004416,10,10
phase3_group_b,mlwdf,10,clustered,heterogeneous,17,11.1893,0.613425,3.2511,0.004891,10,10
phase3_group_b,mlwdf,10,clustered,heterogeneous,18,12.6036,0.54155,3.2228,0.005106,10,10
phase3_group_b,mlwdf,10,clustered,heterogeneous,19,14.0113,0.51595,3.1956,0.004188,10,10
phase3_group_b,mlwdf,10,clustered,heterogeneous,20,11.4353,0.584853,3.2214,0.005604,10,10
phase3_group_b,mlwdf,20,clustered,heterogeneous,1,13.0618,0.603568,3.2817,0.003448,20,20
phase3_group_b,mlwdf,20,clustered,heterogeneous,2,13.2653,0.58756,3.252,0.00345,20,20
phase3_group_b,mlwdf,20,clustered,heterogeneous,3,12.3312,0.586785,3.2674,0.005702,20,20
phase3_group_b,mlwdf,20,clustered,heterogeneous,4,12.4847,0.590536,3.2174,0.004314,20,20
phase3_group_b,mlwdf,20,clustered,heterogeneous,5,13.516,0.609108,3.2238,0.003945,20,20
phase3_group_b,mlwdf,20,clustered,heterogeneous,6,12.9629,0.592755,3.2574,0.002739,20,20
phase3_group_b,mlwdf,20,clustered,heterogeneous,7,12.892,0.579755,3.2563,0.004929,20,20
phase3_group_b,mlwdf,20,clustered,heterogeneous,8,13.1737,0.582775,3.2254,0.004195,20,20
phase3_group_b,mlwdf,20,clustered,heterogeneous,9,13.2806,0.592707,3.2456,0.003853,20,20
phase3_group_b,mlwdf,20,clustered,heterogeneous,10,13.9691,0.59371,3.2474,0.003672,20,20
phase3_group_b,mlwdf,20,clustered,heterogeneous,11,13.2828,0.608852,3.2748,0.003705,20,20
phase3_group_b,mlwdf,20,clustered,heterogeneous,12,13.557,0.594193,3.2448,0.00414,20,20
phase3_group_b,mlwdf,20,clustered,heterogeneous,13,12.9672,0.591217,3.2726,0.003831,20,20
phase3_group_b,mlwdf,20,clustered,heterogeneous,14,12.9363,0.592405,3.2634,0.004567,20,20
phase3_group_b,mlwdf,20,clustered,heterogeneous,15,12.8385,0.607378,3.2599,0.003743,20,20
phase3_group_b,mlwdf,20,clustered,heterogeneous,16,13.19,0.603423,3.2468,0.004068,20,20
phase3_group_b,mlwdf,20,clustered,heterogeneous,17,11.6059,0.59552,3.2509,0.004753,20,20
phase3_group_b,mlwdf,20,clustered,heterogeneous,18,12.4986,0.59675,3.2473,0.00483,20,20
phase3_group_b,mlwdf,20,clustered,heterogeneous,19,13.7924,0.606693,3.2313,0.002781,20,20
phase3_group_b,mlwdf,20,clustered,heterogeneous,20,13.0491,0.602254,3.2489,0.004151,20,20
phase3_group_b,mlwdf,40,clustered,heterogeneous,1,15.1308,0.519971,3.2694,0.003167,40,40
phase3_group_b,mlwdf,40,clustered,heterogeneous,2,14.4306,0.530472,3.2844,0.003193,40,40
phase3_group_b,mlwdf,40,clustered,heterogeneous,3,13.9115,0.512605,3.2916,0.003355,40,40
phase3_group_b,mlwdf,40,clustered,heterogeneous,4,14.3361,0.522914,3.2678,0.003943,40,40
phase3_group_b,mlwdf,40,clustered,heterogeneous,5,14.4859,0.536796,3.242,0.003727,40,40
phase3_group_b,mlwdf,40,clustered,heterogeneous,6,14.9406,0.521657,3.2692,0.003225,40,40
phase3_group_b,mlwdf,40,clustered,heterogeneous,7,14.2081,0.525989,3.2723,0.003424,40,40
phase3_group_b,mlwdf,40,clustered,heterogeneous,8,14.4099,0.527159,3.2876,0.003494,40,40
phase3_group_b,mlwdf,40,clustered,heterogeneous,9,14.8122,0.529123,3.2681,0.004012,40,40
phase3_group_b,mlwdf,40,clustered,heterogeneous,10,15.2172,0.535352,3.2597,0.00347,40,40
phase3_group_b,mlwdf,40,clustered,heterogeneous,11,14.7143,0.521826,3.2834,0.002973,40,40
phase3_group_b,mlwdf,40,clustered,heterogeneous,12,14.9048,0.531927,3.2589,0.00284,40,40
phase3_group_b,mlwdf,40,clustered,heterogeneous,13,14.0661,0.522377,3.2674,0.004012,40,40
phase3_group_b,mlwdf,40,clustered,heterogeneous,14,14.2931,0.517955,3.2811,0.003937,40,40
phase3_group_b,mlwdf,40,clustered,heterogeneous,15,15.0741,0.518394,3.2556,0.003253,40,40
phase3_group_b,mlwdf,40,clustered,heterogeneous,16,14.9275,0.525301,3.2627,0.002911,40,40
phase3_group_b,mlwdf,40,clustered,heterogeneous,17,14.4117,0.522091,3.2862,0.00267,40,40
phase3_group_b,mlwdf,40,clustered,heterogeneous,18,14.8069,0.517819,3.2709,0.003459,40,40
phase3_group_b,mlwdf,40,clustered,heterogeneous,19,14.9991,0.530744,3.2602,0.003384,40,40
phase3_group_b,mlwdf,40,clustered,heterogeneous,20,14.941,0.516003,3.2765,0.003959,40,40
phase3_group_b,mlwdf,10,uniform,heterogeneous,1,8.5593,0.681562,3.1982,0.009324,10,10
phase3_group_b,mlwdf,10,uniform,heterogeneous,2,10.6364,0.621041,3.2139,0.008509,10,10
phase3_group_b,mlwdf,10,uniform,heterogeneous,3,9.958,0.629367,3.2056,0.008035,10,10
phase3_group_b,mlwdf,10,uniform,heterogeneous,4,7.2651,0.658457,3.1876,0.009411,10,10
phase3_group_b,mlwdf,10,uniform,heterogeneous,5,6.2756,0.699546,3.1835,0.009487,10,10
phase3_group_b,mlwdf,10,uniform,heterogeneous,6,10.335,0.658192,3.2,0.005947,10,10
phase3_group_b,mlwdf,10,uniform,heterogeneous,7,14.1626,0.545658,3.2151,0.002785,10,10
phase3_group_b,mlwdf,10,uniform,heterogeneous,8,8.7432,0.687532,3.1851,0.004979,10,10
phase3_group_b,mlwdf,10,uniform,heterogeneous,9,9.7132,0.631077,3.2193,0.009055,10,10
phase3_group_b,mlwdf,10,uniform,heterogeneous,10,11.329,0.569158,3.216,0.007335,10,10
phase3_group_b,mlwdf,10,uniform,heterogeneous,11,8.8657,0.697701,3.2199,0.003823,10,10
phase3_group_b,mlwdf,10,uniform,heterogeneous,12,8.9192,0.692349,3.212,0.006777,10,10
phase3_group_b,mlwdf,10,uniform,heterogeneous,13,6.9548,0.653068,3.1991,0.01235,10,10
phase3_group_b,mlwdf,10,uniform,heterogeneous,14,11.9097,0.511659,3.2227,0.006917,10,10
phase3_group_b,mlwdf,10,uniform,heterogeneous,15,9.4013,0.704591,3.2047,0.003883,10,10
phase3_group_b,mlwdf,10,uniform,heterogeneous,16,11.5392,0.672565,3.2029,0.003193,10,10
phase3_group_b,mlwdf,10,uniform,heterogeneous,17,7.2794,0.680343,3.1911,0.010157,10,10
phase3_group_b,mlwdf,10,uniform,heterogeneous,18,7.6075,0.669055,3.1784,0.010329,10,10
phase3_group_b,mlwdf,10,uniform,heterogeneous,19,8.3541,0.667747,3.2016,0.008743,10,10
phase3_group_b,mlwdf,10,uniform,heterogeneous,20,9.4507,0.698057,3.1949,0.004052,10,10
phase3_group_b,mlwdf,20,uniform,heterogeneous,1,8.1743,0.611989,3.1971,0.00951,20,20
phase3_group_b,mlwdf,20,uniform,heterogeneous,2,10.4596,0.612598,3.2434,0.00606,20,20
phase3_group_b,mlwdf,20,uniform,heterogeneous,3,11.8424,0.575801,3.2155,0.003729,20,20
phase3_group_b,mlwdf,20,uniform,heterogeneous,4,7.941,0.588911,3.2057,0.005284,20,20
phase3_group_b,mlwdf,20,uniform,heterogeneous,5,6.8398,0.600428,3.1858,0.007827,20,20
phase3_group_b,mlwdf,20,uniform,heterogeneous,6,12.1547,0.562408,3.2422,0.004504,20,20
phase3_group_b,mlwdf,20,uniform,heterogeneous,7,11.2704,0.595035,3.2147,0.004544,20,20
phase3_group_b,mlwdf,20,uniform,heterogeneous,8,9.966,0.537065,3.2269,0.004542,20,20
phase3_group_b,mlwdf,20,uniform,heterogeneous,9,9.5485,0.552698,3.2366,0.00824,20,20
phase3_group_b,mlwdf,20,uniform,heterogeneous,10,10.7288,0.563412,3.2198,0.00667,20,20
phase3_group_b,mlwdf,20,uniform,heterogeneous,11,9.06,0.568866,3.2286,0.005928,20,20
phase3_group_b,mlwdf,20,uniform,heterogeneous,12,8.4651,0.520891,3.1874,0.010265,20,20
phase3_group_b,mlwdf,20,uniform,heterogeneous,13,8.4548,0.525273,3.2155,0.00738,20,20
phase3_group_b,mlwdf,20,uniform,heterogeneous,14,9.5538,0.52347,3.2354,0.007138,20,20
phase3_group_b,mlwdf,20,uniform,heterogeneous,15,9.355,0.539058,3.1994,0.005676,20,20
phase3_group_b,mlwdf,20,uniform,heterogeneous,16,11.7977,0.573488,3.1911,0.00595,20,20
phase3_group_b,mlwdf,20,uniform,heterogeneous,17,8.1085,0.561061,3.1894,0.011704,20,20
phase3_group_b,mlwdf,20,uniform,heterogeneous,18,8.0863,0.591509,3.1895,0.006731,20,20
phase3_group_b,mlwdf,20,uniform,heterogeneous,19,11.3223,0.519732,3.2134,0.006212,20,20
phase3_group_b,mlwdf,20,uniform,heterogeneous,20,11.7742,0.556505,3.2479,0.004388,20,20
phase3_group_b,mlwdf,40,uniform,heterogeneous,1,8.9564,0.591052,3.2177,0.008011,40,40
phase3_group_b,mlwdf,40,uniform,heterogeneous,2,10.439,0.549436,3.237,0.005277,40,40
phase3_group_b,mlwdf,40,uniform,heterogeneous,3,14.5417,0.536505,3.2642,0.003973,40,40
phase3_group_b,mlwdf,40,uniform,heterogeneous,4,9.4587,0.514008,3.2182,0.006624,40,40
phase3_group_b,mlwdf,40,uniform,heterogeneous,5,8.5675,0.530332,3.2163,0.007025,40,40
phase3_group_b,mlwdf,40,uniform,heterogeneous,6,11.8586,0.497635,3.2333,0.006704,40,40
phase3_group_b,mlwdf,40,uniform,heterogeneous,7,10.0789,0.540267,3.2032,0.005946,40,40
phase3_group_b,mlwdf,40,uniform,heterogeneous,8,10.4811,0.525105,3.2261,0.005258,40,40
phase3_group_b,mlwdf,40,uniform,heterogeneous,9,11.3219,0.486775,3.2366,0.005644,40,40
phase3_group_b,mlwdf,40,uniform,heterogeneous,10,11.1464,0.511733,3.2541,0.006909,40,40
phase3_group_b,mlwdf,40,uniform,heterogeneous,11,8.7272,0.556218,3.234,0.008245,40,40
phase3_group_b,mlwdf,40,uniform,heterogeneous,12,8.4746,0.528961,3.2239,0.008196,40,40
phase3_group_b,mlwdf,40,uniform,heterogeneous,13,9.0316,0.545008,3.2407,0.007597,40,40
phase3_group_b,mlwdf,40,uniform,heterogeneous,14,10.3677,0.507311,3.2468,0.006919,40,40
phase3_group_b,mlwdf,40,uniform,heterogeneous,15,10.4246,0.519363,3.2184,0.005014,40,40
phase3_group_b,mlwdf,40,uniform,heterogeneous,16,10.712,0.501118,3.2202,0.006814,40,40
phase3_group_b,mlwdf,40,uniform,heterogeneous,17,9.9473,0.542325,3.2306,0.007348,40,40
phase3_group_b,mlwdf,40,uniform,heterogeneous,18,10.5317,0.514854,3.2375,0.007134,40,40
phase3_group_b,mlwdf,40,uniform,heterogeneous,19,11.4919,0.474559,3.2289,0.005733,40,40
phase3_group_b,mlwdf,40,uniform,heterogeneous,20,10.2835,0.513401,3.2372,0.006189,40,40
phase3_group_b,mt,10,clustered,heterogeneous,1,11.3051,0.126084,3.6015,0.0,8,10
phase3_group_b,mt,10,clustered,heterogeneous,2,11.0311,0.123111,3.6927,0.0,8,10
phase3_group_b,mt,10,clustered,heterogeneous,3,11.8989,0.141875,3.4535,0.0,7,10
phase3_group_b,mt,10,clustered,heterogeneous,4,11.8107,0.132484,3.5176,0.0,6,10
phase3_group_b,mt,10,clustered,heterogeneous,5,12.1875,0.188804,3.4152,0.0,8,10
phase3_group_b,mt,10,clustered,heterogeneous,6,10.9659,0.114857,3.669,0.0,5,10
phase3_group_b,mt,10,clustered,heterogeneous,7,11.3496,0.128863,3.4943,-0.000214,6,10
phase3_group_b,mt,10,clustered,heterogeneous,8,11.8154,0.148236,3.4262,-4.2e-05,8,10
phase3_group_b,mt,10,clustered,heterogeneous,9,10.7402,0.112173,3.624,0.0,6,10
phase3_group_b,mt,10,clustered,heterogeneous,10,11.3703,0.13271,3.4826,0.0,7,10
phase3_group_b,mt,10,clustered,heterogeneous,11,12.0674,0.204966,3.4859,-4.2e-05,9,10
phase3_group_b,mt,10,clustered,heterogeneous,12,10.7535,0.113399,3.5764,0.0,4,10
phase3_group_b,mt,10,clustered,heterogeneous,13,11.1784,0.126458,3.4683,0.0,6,10
phase3_group_b,mt,10,clustered,heterogeneous,14,11.3468,0.133818,3.62,0.0,6,10
phase3_group_b,mt,10,clustered,heterogeneous,15,11.6563,0.15874,3.5305,0.0,8,10
phase3_group_b,mt,10,clustered,heterogeneous,16,11.9394,0.152253,3.5006,0.0,7,10
phase3_group_b,mt,10,clustered,heterogeneous,17,11.0722,0.126539,3.4625,0.0,8,10
phase3_group_b,mt,10,clustered,heterogeneous,18,11.3758,0.125039,3.548,0.0,6,10
phase3_group_b,mt,10,clustered,heterogeneous,19,11.8128,0.130364,3.3471,0.0,3,10
phase3_group_b,mt,10,clustered,heterogeneous,20,11.901,0.148263,3.4473,4.3e-05,7,10
phase3_group_b,mt,20,clustered,heterogeneous,1,12.5095,0.153248,3.6907,0.0,12,20
phase3_group_b,mt,20,clustered,heterogeneous,2,12.0082,0.123957,3.6854,0.0,9,20
phase3_group_b,mt,20,clustered,heterogeneous,3,12.944,0.135117,3.5955,0.0,10,20
phase3_group_b,mt,20,clustered,heterogeneous,4,13.2627,0.099803,3.7021,0.0,10,20
phase3_group_b,mt,20,clustered,heterogeneous,5,13.4139,0.101564,3.484,0.0,9,20
phase3_group_b,mt,20,clustered,heterogeneous,6,12.0524,0.069724,3.7132,0.0,7,20
phase3_group_b,mt,20,clustered,heterogeneous,7,12.9214,0.125518,3.7131,-0.000217,9,20
phase3_group_b,mt,20,clustered,heterogeneous,8,13.087,0.115524,3.6453,0.0,9,20
phase3_group_b,mt,20,clustered,heterogeneous,9,11.9805,0.1106,3.63,-4.3e-05,8,20
phase3_group_b,mt,20,clustered,heterogeneous,10,12.6006,0.149845,3.616,0.0,11,20
phase3_group_b,mt,20,clustered,heterogeneous,11,12.2433,0.144932,3.5993,0.0,12,20
phase3_group_b,mt,20,clustered,heterogeneous,12,12.2079,0.100887,3.7289,8.6e-05,9,20
phase3_group_b,mt,20,clustered,heterogeneous,13,12.141,0.1129,3.5743,8.6e-05,11,20
phase3_group_b,mt,20,clustered,heterogeneous,14,12.6386,0.14102,3.7178,0.0,8,20
phase3_group_b,mt,20,clustered,heterogeneous,15,11.7702,0.116244,3.9295,0.0,8,20
phase3_group_b,mt,20,clustered,heterogeneous,16,12.975,0.117902,3.6032,-0.000129,11,20
phase3_group_b,mt,20,clustered,heterogeneous,17,11.9043,0.122583,3.4806,0.0,12,20
phase3_group_b,mt,20,clustered,heterogeneous,18,11.9641,0.096828,3.7466,8.7e-05,9,20
phase3_group_b,mt,20,clustered,heterogeneous,19,10.6508,0.054332,3.7,0.0,5,20
phase3_group_b,mt,20,clustered,heterogeneous,20,13.1282,0.206246,3.5257,0.0,12,20
phase3_group_b,mt,40,clustered,heterogeneous,1,12.5596,0.088124,3.8494,0.0,17,40
phase3_group_b,mt,40,clustered,heterogeneous,2,13.8709,0.159616,3.8831,4.4e-05,18,40
phase3_group_b,mt,40,clustered,heterogeneous,3,13.1227,0.116881,3.7578,0.0,16,40
phase3_group_b,mt,40,clustered,heterogeneous,4,13.7125,0.088188,3.8275,0.0,15,40
phase3_group_b,mt,40,clustered,heterogeneous,5,14.3199,0.094875,3.6608,0.0,13,40
phase3_group_b,mt,40,clustered,heterogeneous,6,11.8678,0.03397,3.7221,-4.1e-05,9,40
phase3_group_b,mt,40,clustered,heterogeneous,7,12.6404,0.099939,3.9281,0.0,17,40
phase3_group_b,mt,40,clustered,heterogeneous,8,12.9507,0.081909,3.8263,0.0,19,40
phase3_group_b,mt,40,clustered,heterogeneous,9,12.8072,0.04299,3.8411,0.0,14,40
phase3_group_b,mt,40,clustered,heterogeneous,10,13.4095,0.121874,3.879,-0.000174,14,40
phase3_group_b,mt,40,clustered,heterogeneous,11,13.9093,0.167218,3.9267,0.0,15,40
phase3_group_b,mt,40,clustered,heterogeneous,12,13.626,0.093719,3.9033,0.0,15,40
phase3_group_b,mt,40,clustered,heterogeneous,13,12.3958,0.115487,3.8645,0.0,14,40
phase3_group_b,mt,40,clustered,heterogeneous,14,11.3011,0.031378,3.7603,0.0,12,40
phase3_group_b,mt,40,clustered,heterogeneous,15,12.2917,0.066742,3.7588,0.0,14,40
phase3_group_b,mt,40,clustered,heterogeneous,16,13.9824,0.140997,3.7798,0.0,16,40
phase3_group_b,mt,40,clustered,heterogeneous,17,12.7066,0.149875,3.6979,0.0,21,40
phase3_group_b,mt,40,clustered,heterogeneous,18,12.5834,0.070155,3.7089,0.0,14,40
phase3_group_b,mt,40,clustered,heterogeneous,19,11.5353,0.031761,3.359,0.0,4,40
phase3_group_b,mt,40,clustered,heterogeneous,20,12.1276,0.078415,3.8759,0.0,16,40
phase3_group_b,mt,10,uniform,heterogeneous,1,11.1963,0.213298,3.33,0.0,4,10
phase3_group_b,mt,10,uniform,heterogeneous,2,11.2819,0.164228,3.4362,0.0,7,10
phase3_group_b,mt,10,uniform,heterogeneous,3,11.4311,0.153101,3.4613,0.0,10,10
phase3_group_b,mt,10,uniform,heterogeneous,4,10.3139,0.130944,3.4813,4.1e-05,10,10
phase3_group_b,mt,10,uniform,heterogeneous,5,8.0732,0.478371,3.4772,0.000292,10,10
phase3_group_b,mt,10,uniform,heterogeneous,6,10.9875,0.249592,3.3946,4.2e-05,10,10
phase3_group_b,mt,10,uniform,heterogeneous,7,11.5073,0.124412,3.4785,0.0,4,10
phase3_group_b,mt,10,uniform,heterogeneous,8,8.8489,0.488667,3.4121,0.000249,10,10
phase3_group_b,mt,10,uniform,heterogeneous,9,11.6204,0.13794,3.6211,-4.2e-05,10,10
phase3_group_b,mt,10,uniform,heterogeneous,10,10.3041,0.101285,3.3568,0.0,4,10
phase3_group_b,mt,10,uniform,heterogeneous,11,8.6013,0.640059,3.4817,4.2e-05,10,10
phase3_group_b,mt,10,uniform,heterogeneous,12,10.1472,0.321426,3.3834,0.0,10,10
phase3_group_b,mt,10,uniform,heterogeneous,13,10.447,0.155817,3.4498,0.000167,10,10
phase3_group_b,mt,10,uniform,heterogeneous,14,10.7831,0.114136,3.7602,0.0,5,10
phase3_group_b,mt,10,uniform,heterogeneous,15,10.6693,0.269788,3.3478,0.0,10,10
phase3_group_b,mt,10,uniform,heterogeneous,16,11.0341,0.273363,3.2838,0.0,10,10
phase3_group_b,mt,10,uniform,heterogeneous,17,9.9421,0.30907,3.5741,0.0,10,10
phase3_group_b,mt,10,uniform,heterogeneous,18,10.7868,0.179058,3.515,4.1e-05,9,10
phase3_group_b,mt,10,uniform,heterogeneous,19,7.3632,0.584676,3.4759,0.000294,10,10
phase3_group_b,mt,10,uniform,heterogeneous,20,8.6729,0.480505,3.4765,0.000167,10,10
phase3_group_b,mt,20,uniform,heterogeneous,1,11.5991,0.118692,3.3805,0.0,9,20
phase3_group_b,mt,20,uniform,heterogeneous,2,11.8422,0.134258,3.4694,0.0,12,20
phase3_group_b,mt,20,uniform,heterogeneous,3,10.2594,0.050041,3.0129,0.0,3,20
phase3_group_b,mt,20,uniform,heterogeneous,4,10.5068,0.096198,3.4506,0.0,20,20
phase3_group_b,mt,20,uniform,heterogeneous,5,9.4178,0.275769,3.5621,0.000373,20,20
phase3_group_b,mt,20,uniform,heterogeneous,6,11.6701,0.170556,3.3993,0.0,17,20
phase3_group_b,mt,20,uniform,heterogeneous,7,11.5242,0.062362,3.4995,0.0,4,20
phase3_group_b,mt,20,uniform,heterogeneous,8,10.3257,0.186208,3.3508,-4.2e-05,20,20
phase3_group_b,mt,20,uniform,heterogeneous,9,11.642,0.072325,3.6067,-8.5e-05,12,20
phase3_group_b,mt,20,uniform,heterogeneous,10,10.7541,0.055402,3.8738,0.0,7,20
phase3_group_b,mt,20,uniform,heterogeneous,11,10.5726,0.056797,3.4968,0.0,17,20
phase3_group_b,mt,20,uniform,heterogeneous,12,9.7291,0.24014,3.3478,0.000124,20,20
phase3_group_b,mt,20,uniform,heterogeneous,13,10.3106,0.145364,3.4551,8.3e-05,20,20
phase3_group_b,mt,20,uniform,heterogeneous,14,11.7528,0.067643,3.7688,0.0,5,20
phase3_group_b,mt,20,uniform,heterogeneous,15,9.8132,0.26805,3.3949,4.1e-05,20,20
phase3_group_b,mt,20,uniform,heterogeneous,16,11.6535,0.063637,3.3765,0.0,4,20
phase3_group_b,mt,20,uniform,heterogeneous,17,10.3456,0.051132,3.5206,0.0,2,20
phase3_group_b,mt,20,uniform,heterogeneous,18,11.2559,0.17236,3.4457,8.2e-05,18,20
phase3_group_b,mt,20,uniform,heterogeneous,19,12.2428,0.098641,3.3058,0.0,13,20
phase3_group_b,mt,20,uniform,heterogeneous,20,11.8695,0.072174,3.6204,0.00017,11,20
phase3_group_b,mt,40,uniform,heterogeneous,1,10.8381,0.034256,3.803,-0.000129,10,40
phase3_group_b,mt,40,uniform,heterogeneous,2,12.0916,0.08902,3.5455,4.2e-05,19,40
phase3_group_b,mt,40,uniform,heterogeneous,3,10.2612,0.025027,3.0791,0.0,2,40
phase3_group_b,mt,40,uniform,heterogeneous,4,11.1263,0.097356,3.4116,0.0,30,40
phase3_group_b,mt,40,uniform,heterogeneous,5,11.6935,0.035192,3.4985,0.0,15,40
phase3_group_b,mt,40,uniform,heterogeneous,6,12.0188,0.133207,3.4365,4.2e-05,21,40
phase3_group_b,mt,40,uniform,heterogeneous,7,11.6084,0.031694,3.7316,0.0,5,40
phase3_group_b,mt,40,uniform,heterogeneous,8,10.7271,0.029237,3.6591,0.000212,9,40
phase3_group_b,mt,40,uniform,heterogeneous,9,12.5416,0.07059,3.4779,0.0,19,40
phase3_group_b,mt,40,uniform,heterogeneous,10,10.5941,0.027639,3.831,0.0,9,40
phase3_group_b,mt,40,uniform,heterogeneous,11,11.7236,0.055054,3.4875,0.0,19,40
phase3_group_b,mt,40,uniform,heterogeneous,12,11.9228,0.106143,3.2978,0.0,27,40
phase3_group_b,mt,40,uniform,heterogeneous,13,11.5883,0.043479,3.3879,0.0,13,40
phase3_group_b,mt,40,uniform,heterogeneous,14,12.6951,0.04135,3.833,0.0,11,40
phase3_group_b,mt,40,uniform,heterogeneous,15,10.4355,0.02613,3.4394,0.0,9,40
phase3_group_b,mt,40,uniform,heterogeneous,16,11.6201,0.03201,3.4953,0.0,6,40
phase3_group_b,mt,40,uniform,heterogeneous,17,11.2386,0.032099,3.8226,0.000126,9,40
phase3_group_b,mt,40,uniform,heterogeneous,18,12.4968,0.04735,3.7545,-0.000129,13,40
phase3_group_b,mt,40,uniform,heterogeneous,19,12.0366,0.07306,3.3509,0.0,19,40
phase3_group_b,mt,40,uniform,heterogeneous,20,12.3363,0.045271,3.5493,-4.3e-05,20,40
phase3_group_b,pf,10,clustered,heterogeneous,1,13.2262,0.503991,3.2174,0.00264,10,10
phase3_group_b,pf,10,clustered,heterogeneous,2,13.2681,0.513493,3.2241,0.001895,10,10
phase3_group_b,pf,10,clustered,heterogeneous,3,12.8452,0.495777,3.1992,0.003639,10,10
phase3_group_b,pf,10,clustered,heterogeneous,4,13.5622,0.487203,3.2102,0.003005,10,10
phase3_group_b,pf,10,clustered,heterogeneous,5,13.4288,0.538072,3.1977,0.003201,10,10
phase3_group_b,pf,10,clustered,heterogeneous,6,13.3171,0.458675,3.1965,0.003015,10,10
phase3_group_b,pf,10,clustered,heterogeneous,7,12.7856,0.478591,3.2268,0.0035,10,10
phase3_group_b,pf,10,clustered,heterogeneous,8,11.9711,0.541832,3.207,0.003364,10,10
phase3_group_b,pf,10,clustered,heterogeneous,9,13.0836,0.48273,3.2065,0.002976,10,10
phase3_group_b,pf,10,clustered,heterogeneous,10,13.5095,0.512494,3.2325,0.002679,10,10
phase3_group_b,pf,10,clustered,heterogeneous,11,13.1238,0.549718,3.2232,0.002316,10,10
phase3_group_b,pf,10,clustered,heterogeneous,12,13.7132,0.479905,3.2017,0.002145,10,10
phase3_group_b,pf,10,clustered,heterogeneous,13,12.7836,0.528401,3.2109,0.002065,10,10
phase3_group_b,pf,10,clustered,heterogeneous,14,13.9007,0.488834,3.2159,0.003057,10,10
phase3_group_b,pf,10,clustered,heterogeneous,15,14.1331,0.538317,3.2151,0.00139,10,10
phase3_group_b,pf,10,clustered,heterogeneous,16,13.1811,0.530912,3.2233,0.002611,10,10
phase3_group_b,pf,10,clustered,heterogeneous,17,12.3882,0.534515,3.219,0.003039,10,10
phase3_group_b,pf,10,clustered,heterogeneous,18,13.6667,0.473855,3.2119,0.00201,10,10
phase3_group_b,pf,10,clustered,heterogeneous,19,14.1288,0.479063,3.1851,0.003361,10,10
phase3_group_b,pf,10,clustered,heterogeneous,20,12.5057,0.508897,3.2118,0.003548,10,10
phase3_group_b,pf,20,clustered,heterogeneous,1,15.382,0.546991,3.2843,0.002641,20,20
phase3_group_b,pf,20,clustered,heterogeneous,2,15.2241,0.532233,3.259,0.002348,20,20
phase3_group_b,pf,20,clustered,heterogeneous,3,14.6199,0.545143,3.2696,0.003551,20,20
phase3_group_b,pf,20,clustered,heterogeneous,4,14.5297,0.542626,3.2218,0.002993,20,20
phase3_group_b,pf,20,clustered,heterogeneous,5,15.5175,0.553451,3.2349,0.00317,20,20
phase3_group_b,pf,20,clustered,heterogeneous,6,14.873,0.539869,3.2584,0.002479,20,20
phase3_group_b,pf,20,clustered,heterogeneous,7,14.9398,0.518099,3.2783,0.00327,20,20
phase3_group_b,pf,20,clustered,heterogeneous,8,14.8417,0.537313,3.2379,0.003188,20,20
phase3_group_b,pf,20,clustered,heterogeneous,9,15.3706,0.536583,3.2523,0.003091,20,20
phase3_group_b,pf,20,clustered,heterogeneous,10,15.569,0.543893,3.2448,0.002316,20,20
phase3_group_b,pf,20,clustered,heterogeneous,11,15.5062,0.559758,3.2773,0.002696,20,20
phase3_group_b,pf,20,clustered,heterogeneous,12,15.4631,0.548575,3.2426,0.002513,20,20
phase3_group_b,pf,20,clustered,heterogeneous,13,14.4487,0.564892,3.2651,0.003291,20,20
phase3_group_b,pf,20,clustered,heterogeneous,14,15.4261,0.529835,3.2787,0.003362,20,20
phase3_group_b,pf,20,clustered,heterogeneous,15,15.7332,0.532941,3.2631,0.002503,20,20
phase3_group_b,pf,20,clustered,heterogeneous,16,15.4802,0.535252,3.2776,0.002936,20,20
phase3_group_b,pf,20,clustered,heterogeneous,17,14.1301,0.558225,3.2564,0.002947,20,20
phase3_group_b,pf,20,clustered,heterogeneous,18,15.2626,0.535909,3.268,0.002734,20,20
phase3_group_b,pf,20,clustered,heterogeneous,19,15.7601,0.556698,3.2281,0.002661,20,20
phase3_group_b,pf,20,clustered,heterogeneous,20,15.0607,0.546617,3.2534,0.0034,20,20
phase3_group_b,pf,40,clustered,heterogeneous,1,16.8649,0.571831,3.2936,0.002391,40,40
phase3_group_b,pf,40,clustered,heterogeneous,2,16.559,0.576699,3.2933,0.002193,40,40
phase3_group_b,pf,40,clustered,heterogeneous,3,15.7208,0.560278,3.2931,0.00253,40,40
phase3_group_b,pf,40,clustered,heterogeneous,4,16.4672,0.580906,3.2819,0.002383,40,40
phase3_group_b,pf,40,clustered,heterogeneous,5,17.091,0.579564,3.2642,0.002216,40,40
phase3_group_b,pf,40,clustered,heterogeneous,6,16.6983,0.572762,3.2688,0.002378,40,40
phase3_group_b,pf,40,clustered,heterogeneous,7,16.3231,0.569214,3.283,0.002053,40,40
phase3_group_b,pf,40,clustered,heterogeneous,8,16.757,0.579094,3.2886,0.002474,40,40
phase3_group_b,pf,40,clustered,heterogeneous,9,16.9844,0.574698,3.2755,0.00224,40,40
phase3_group_b,pf,40,clustered,heterogeneous,10,17.2005,0.58161,3.2676,0.002125,40,40
phase3_group_b,pf,40,clustered,heterogeneous,11,16.4578,0.574577,3.2881,0.002257,40,40
phase3_group_b,pf,40,clustered,heterogeneous,12,16.9217,0.578113,3.2754,0.002318,40,40
phase3_group_b,pf,40,clustered,heterogeneous,13,16.3178,0.571911,3.267,0.002453,40,40
phase3_group_b,pf,40,clustered,heterogeneous,14,16.3225,0.563437,3.2879,0.002744,40,40
phase3_group_b,pf,40,clustered,heterogeneous,15,16.7035,0.579085,3.2782,0.002244,40,40
phase3_group_b,pf,40,clustered,heterogeneous,16,16.8642,0.58442,3.2821,0.001843,40,40
phase3_group_b,pf,40,clustered,heterogeneous,17,16.1177,0.583847,3.301,0.001687,40,40
phase3_group_b,pf,40,clustered,heterogeneous,18,16.66,0.564781,3.2805,0.002505,40,40
phase3_group_b,pf,40,clustered,heterogeneous,19,17.0018,0.5811,3.2578,0.001913,40,40
phase3_group_b,pf,40,clustered,heterogeneous,20,16.8403,0.571152,3.2773,0.002856,40,40
phase3_group_b,pf,10,uniform,heterogeneous,1,12.8539,0.520351,3.204,0.004806,10,10
phase3_group_b,pf,10,uniform,heterogeneous,2,12.9271,0.516198,3.2085,0.004281,10,10
phase3_group_b,pf,10,uniform,heterogeneous,3,10.864,0.575167,3.2042,0.005246,10,10
phase3_group_b,pf,10,uniform,heterogeneous,4,8.8341,0.593726,3.1774,0.006307,10,10
phase3_group_b,pf,10,uniform,heterogeneous,5,7.6144,0.722427,3.1821,0.006254,10,10
phase3_group_b,pf,10,uniform,heterogeneous,6,10.1691,0.647568,3.1928,0.00584,10,10
phase3_group_b,pf,10,uniform,heterogeneous,7,14.6641,0.499287,3.1952,0.001433,10,10
phase3_group_b,pf,10,uniform,heterogeneous,8,8.9452,0.700567,3.1884,0.004214,10,10
phase3_group_b,pf,10,uniform,heterogeneous,9,11.8613,0.521609,3.2236,0.005186,10,10
phase3_group_b,pf,10,uniform,heterogeneous,10,14.0893,0.458577,3.1972,0.003513,10,10
phase3_group_b,pf,10,uniform,heterogeneous,11,9.1245,0.722131,3.207,0.003332,10,10
phase3_group_b,pf,10,uniform,heterogeneous,12,9.405,0.668331,3.1914,0.004193,10,10
phase3_group_b,pf,10,uniform,heterogeneous,13,8.0352,0.611586,3.1801,0.00831,10,10
phase3_group_b,pf,10,uniform,heterogeneous,14,12.8508,0.44062,3.2086,0.004546,10,10
phase3_group_b,pf,10,uniform,heterogeneous,15,9.9189,0.679004,3.1957,0.00243,10,10
phase3_group_b,pf,10,uniform,heterogeneous,16,10.9269,0.676487,3.2073,0.002749,10,10
phase3_group_b,pf,10,uniform,heterogeneous,17,8.2961,0.664101,3.1852,0.007137,10,10
phase3_group_b,pf,10,uniform,heterogeneous,18,9.0319,0.628253,3.1839,0.006751,10,10
phase3_group_b,pf,10,uniform,heterogeneous,19,8.1752,0.675785,3.1924,0.008109,10,10
phase3_group_b,pf,10,uniform,heterogeneous,20,9.2706,0.70564,3.1888,0.003297,10,10
phase3_group_b,pf,20,uniform,heterogeneous,1,11.1254,0.529749,3.2093,0.007255,20,20
phase3_group_b,pf,20,uniform,heterogeneous,2,13.4723,0.562915,3.2352,0.003041,20,20
phase3_group_b,pf,20,uniform,heterogeneous,3,13.7347,0.533587,3.2312,0.0029,20,20
phase3_group_b,pf,20,uniform,heterogeneous,4,9.198,0.643467,3.2062,0.004083,20,20
phase3_group_b,pf,20,uniform,heterogeneous,5,8.2461,0.699472,3.2036,0.004666,20,20
phase3_group_b,pf,20,uniform,heterogeneous,6,12.9294,0.593439,3.2477,0.004098,20,20
phase3_group_b,pf,20,uniform,heterogeneous,7,13.546,0.547004,3.2153,0.003538,20,20
phase3_group_b,pf,20,uniform,heterogeneous,8,10.7916,0.590416,3.2256,0.003901,20,20
phase3_group_b,pf,20,uniform,heterogeneous,9,11.5612,0.532506,3.239,0.005682,20,20
phase3_group_b,pf,20,uniform,heterogeneous,10,13.2602,0.510317,3.2348,0.004016,20,20
phase3_group_b,pf,20,uniform,heterogeneous,11,10.6856,0.532291,3.2269,0.004194,20,20
phase3_group_b,pf,20,uniform,heterogeneous,12,9.7966,0.583238,3.2077,0.006982,20,20
phase3_group_b,pf,20,uniform,heterogeneous,13,9.6771,0.582434,3.2253,0.005982,20,20
phase3_group_b,pf,20,uniform,heterogeneous,14,11.5136,0.473637,3.2467,0.005142,20,20
phase3_group_b,pf,20,uniform,heterogeneous,15,10.4783,0.596116,3.2198,0.004162,20,20
phase3_group_b,pf,20,uniform,heterogeneous,16,13.5416,0.546603,3.1936,0.004475,20,20
phase3_group_b,pf,20,uniform,heterogeneous,17,10.9818,0.473243,3.2095,0.007712,20,20
phase3_group_b,pf,20,uniform,heterogeneous,18,10.0088,0.624814,3.2084,0.004201,20,20
phase3_group_b,pf,20,uniform,heterogeneous,19,11.9128,0.525138,3.2277,0.006018,20,20
phase3_group_b,pf,20,uniform,heterogeneous,20,12.6795,0.546572,3.2446,0.004309,20,20
phase3_group_b,pf,40,uniform,heterogeneous,1,11.3974,0.58856,3.221,0.004959,40,40
phase3_group_b,pf,40,uniform,heterogeneous,2,12.5631,0.61153,3.2526,0.003258,40,40
phase3_group_b,pf,40,uniform,heterogeneous,3,16.2537,0.598505,3.2616,0.002709,40,40
phase3_group_b,pf,40,uniform,heterogeneous,4,10.115,0.646998,3.2146,0.004805,40,40
phase3_group_b,pf,40,uniform,heterogeneous,5,9.9525,0.569622,3.2185,0.00493,40,40
phase3_group_b,pf,40,uniform,heterogeneous,6,12.627,0.593283,3.2433,0.004732,40,40
phase3_group_b,pf,40,uniform,heterogeneous,7,11.7666,0.590149,3.2157,0.003589,40,40
phase3_group_b,pf,40,uniform,heterogeneous,8,11.5933,0.578761,3.2267,0.004536,40,40
phase3_group_b,pf,40,uniform,heterogeneous,9,12.3352,0.552454,3.2495,0.004247,40,40
phase3_group_b,pf,40,uniform,heterogeneous,10,13.6094,0.538819,3.2632,0.004269,40,40
phase3_group_b,pf,40,uniform,heterogeneous,11,10.5549,0.604466,3.2332,0.004973,40,40
phase3_group_b,pf,40,uniform,heterogeneous,12,9.7608,0.638849,3.2166,0.00551,40,40
phase3_group_b,pf,40,uniform,heterogeneous,13,10.9921,0.556002,3.2411,0.004609,40,40
phase3_group_b,pf,40,uniform,heterogeneous,14,12.285,0.557723,3.2406,0.004301,40,40
phase3_group_b,pf,40,uniform,heterogeneous,15,11.7315,0.584736,3.2335,0.003094,40,40
phase3_group_b,pf,40,uniform,heterogeneous,16,12.0818,0.564756,3.2096,0.004689,40,40
phase3_group_b,pf,40,uniform,heterogeneous,17,12.2756,0.588505,3.2272,0.004442,40,40
phase3_group_b,pf,40,uniform,heterogeneous,18,12.5997,0.553898,3.2378,0.004212,40,40
phase3_group_b,pf,40,uniform,heterogeneous,19,11.8488,0.555277,3.2318,0.004411,40,40
phase3_group_b,pf,40,uniform,heterogeneous,20,11.2971,0.588387,3.2292,0.004226,40,40
phase3_group_b,pss,10,clustered,heterogeneous,1,14.1092,0.507589,3.3061,0.002566,10,10
phase3_group_b,pss,10,clustered,heterogeneous,2,14.37,0.510112,3.2896,0.001805,10,10
phase3_group_b,pss,10,clustered,heterogeneous,3,13.4185,0.515102,3.2724,0.003789,10,10
phase3_group_b,pss,10,clustered,heterogeneous,4,14.4839,0.492678,3.2599,0.002276,10,10
phase3_group_b,pss,10,clustered,heterogeneous,5,14.2072,0.54734,3.2534,0.00303,10,10
phase3_group_b,pss,10,clustered,heterogeneous,6,14.2497,0.458332,3.2631,0.002857,10,10
phase3_group_b,pss,10,clustered,heterogeneous,7,13.6318,0.489527,3.3083,0.003268,10,10
phase3_group_b,pss,10,clustered,heterogeneous,8,12.869,0.547511,3.267,0.003092,10,10
phase3_group_b,pss,10,clustered,heterogeneous,9,13.9498,0.486492,3.2815,0.003064,10,10
phase3_group_b,pss,10,clustered,heterogeneous,10,14.6245,0.511259,3.2956,0.00249,10,10
phase3_group_b,pss,10,clustered,heterogeneous,11,14.2286,0.545599,3.3057,0.00229,10,10
phase3_group_b,pss,10,clustered,heterogeneous,12,14.7001,0.48233,3.2548,0.00224,10,10
phase3_group_b,pss,10,clustered,heterogeneous,13,13.6714,0.53338,3.2956,0.002223,10,10
phase3_group_b,pss,10,clustered,heterogeneous,14,14.8731,0.492611,3.2955,0.002809,10,10
phase3_group_b,pss,10,clustered,heterogeneous,15,15.0874,0.543978,3.3238,0.001685,10,10
phase3_group_b,pss,10,clustered,heterogeneous,16,14.2232,0.527867,3.2919,0.002772,10,10
phase3_group_b,pss,10,clustered,heterogeneous,17,12.9146,0.549713,3.2808,0.003569,10,10
phase3_group_b,pss,10,clustered,heterogeneous,18,14.5969,0.480226,3.2764,0.002656,10,10
phase3_group_b,pss,10,clustered,heterogeneous,19,15.4718,0.47175,3.2123,0.002571,10,10
phase3_group_b,pss,10,clustered,heterogeneous,20,13.2482,0.519791,3.263,0.00377,10,10
phase3_group_b,pss,20,clustered,heterogeneous,1,14.1218,0.608255,3.2822,0.002099,20,20
phase3_group_b,pss,20,clustered,heterogeneous,2,14.459,0.588459,3.2731,0.002332,20,20
phase3_group_b,pss,20,clustered,heterogeneous,3,13.3959,0.599666,3.284,0.003608,20,20
phase3_group_b,pss,20,clustered,heterogeneous,4,13.662,0.586678,3.2499,0.003428,20,20
phase3_group_b,pss,20,clustered,heterogeneous,5,14.7001,0.604313,3.2523,0.002434,20,20
phase3_group_b,pss,20,clustered,heterogeneous,6,14.133,0.584354,3.2631,0.002018,20,20
phase3_group_b,pss,20,clustered,heterogeneous,7,14.1656,0.576231,3.2633,0.003214,20,20
phase3_group_b,pss,20,clustered,heterogeneous,8,14.4325,0.579475,3.2398,0.002512,20,20
phase3_group_b,pss,20,clustered,heterogeneous,9,14.5433,0.589818,3.2708,0.002523,20,20
phase3_group_b,pss,20,clustered,heterogeneous,10,15.0213,0.589356,3.2678,0.002413,20,20
phase3_group_b,pss,20,clustered,heterogeneous,11,14.2655,0.616512,3.3059,0.00282,20,20
phase3_group_b,pss,20,clustered,heterogeneous,12,14.7485,0.587441,3.2577,0.002742,20,20
phase3_group_b,pss,20,clustered,heterogeneous,13,14.0593,0.602544,3.2872,0.002421,20,20
phase3_group_b,pss,20,clustered,heterogeneous,14,14.3494,0.592448,3.2824,0.003166,20,20
phase3_group_b,pss,20,clustered,heterogeneous,15,14.1092,0.601651,3.2762,0.002881,20,20
phase3_group_b,pss,20,clustered,heterogeneous,16,14.3786,0.602086,3.2775,0.002718,20,20
phase3_group_b,pss,20,clustered,heterogeneous,17,12.689,0.609067,3.2531,0.003155,20,20
phase3_group_b,pss,20,clustered,heterogeneous,18,13.6523,0.597922,3.2865,0.003873,20,20
phase3_group_b,pss,20,clustered,heterogeneous,19,15.0896,0.597199,3.2446,0.001949,20,20
phase3_group_b,pss,20,clustered,heterogeneous,20,14.1414,0.608124,3.2762,0.002538,20,20
phase3_group_b,pss,40,clustered,heterogeneous,1,13.9754,0.397513,3.2364,0.00355,36,40
phase3_group_b,pss,40,clustered,heterogeneous,2,12.9113,0.403052,3.2531,0.003767,29,40
phase3_group_b,pss,40,clustered,heterogeneous,3,12.649,0.40416,3.2721,0.003672,31,40
phase3_group_b,pss,40,clustered,heterogeneous,4,12.8353,0.402403,3.2524,0.004485,40,40
phase3_group_b,pss,40,clustered,heterogeneous,5,12.8056,0.401808,3.2538,0.004729,38,40
phase3_group_b,pss,40,clustered,heterogeneous,6,13.827,0.398723,3.2691,0.003193,34,40
phase3_group_b,pss,40,clustered,heterogeneous,7,12.7425,0.403078,3.276,0.004462,38,40
phase3_group_b,pss,40,clustered,heterogeneous,8,12.9163,0.401737,3.265,0.003645,32,40
phase3_group_b,pss,40,clustered,heterogeneous,9,13.2897,0.398424,3.2487,0.004526,33,40
phase3_group_b,pss,40,clustered,heterogeneous,10,13.9181,0.399404,3.252,0.003119,34,40
phase3_group_b,pss,40,clustered,heterogeneous,11,13.4836,0.400635,3.2761,0.003231,38,40
phase3_group_b,pss,40,clustered,heterogeneous,12,13.5255,0.400736,3.2702,0.003475,40,40
phase3_group_b,pss,40,clustered,heterogeneous,13,12.5215,0.403247,3.2482,0.005096,31,40
phase3_group_b,pss,40,clustered,heterogeneous,14,12.9821,0.401241,3.2921,0.004189,35,40
phase3_group_b,pss,40,clustered,heterogeneous,15,14.1916,0.396259,3.2667,0.003412,36,40
phase3_group_b,pss,40,clustered,heterogeneous,16,13.8371,0.397551,3.2732,0.003581,29,40
phase3_group_b,pss,40,clustered,heterogeneous,17,13.3805,0.400887,3.2868,0.002989,40,40
phase3_group_b,pss,40,clustered,heterogeneous,18,13.591,0.399428,3.2592,0.003527,32,40
phase3_group_b,pss,40,clustered,heterogeneous,19,13.6785,0.398431,3.2608,0.003822,38,40
phase3_group_b,pss,40,clustered,heterogeneous,20,13.744,0.397803,3.2598,0.003751,37,40
phase3_group_b,pss,10,uniform,heterogeneous,1,11.8967,0.574317,3.263,0.005503,10,10
phase3_group_b,pss,10,uniform,heterogeneous,2,13.1032,0.544616,3.2597,0.004728,10,10
phase3_group_b,pss,10,uniform,heterogeneous,3,11.4095,0.58132,3.2308,0.004496,10,10
phase3_group_b,pss,10,uniform,heterogeneous,4,8.7937,0.623311,3.2261,0.006082,10,10
phase3_group_b,pss,10,uniform,heterogeneous,5,7.4904,0.735486,3.2442,0.006514,10,10
phase3_group_b,pss,10,uniform,heterogeneous,6,11.0949,0.638822,3.2625,0.003577,10,10
phase3_group_b,pss,10,uniform,heterogeneous,7,15.8099,0.497038,3.2482,0.001434,10,10
phase3_group_b,pss,10,uniform,heterogeneous,8,9.4632,0.706695,3.2201,0.003456,10,10
phase3_group_b,pss,10,uniform,heterogeneous,9,12.1695,0.552108,3.2851,0.005137,10,10
phase3_group_b,pss,10,uniform,heterogeneous,10,13.947,0.484662,3.2622,0.004805,10,10
phase3_group_b,pss,10,uniform,heterogeneous,11,9.5713,0.72282,3.2603,0.002569,10,10
phase3_group_b,pss,10,uniform,heterogeneous,12,9.9356,0.68209,3.2655,0.004197,10,10
phase3_group_b,pss,10,uniform,heterogeneous,13,8.2576,0.641955,3.2343,0.007803,10,10
phase3_group_b,pss,10,uniform,heterogeneous,14,13.8629,0.445274,3.3137,0.004383,10,10
phase3_group_b,pss,10,uniform,heterogeneous,15,10.3754,0.690432,3.2492,0.002776,10,10
phase3_group_b,pss,10,uniform,heterogeneous,16,12.0542,0.658578,3.2507,0.001739,10,10
phase3_group_b,pss,10,uniform,heterogeneous,17,8.6394,0.687448,3.2602,0.006972,10,10
phase3_group_b,pss,10,uniform,heterogeneous,18,9.1613,0.654184,3.2265,0.006662,10,10
phase3_group_b,pss,10,uniform,heterogeneous,19,8.756,0.695223,3.2626,0.00566,10,10
phase3_group_b,pss,10,uniform,heterogeneous,20,9.9037,0.708952,3.246,0.002895,10,10
phase3_group_b,pss,20,uniform,heterogeneous,1,8.8628,0.573,3.1994,0.006657,20,20
phase3_group_b,pss,20,uniform,heterogeneous,2,11.3015,0.601417,3.2339,0.004715,20,20
phase3_group_b,pss,20,uniform,heterogeneous,3,12.9831,0.563015,3.2521,0.002674,20,20
phase3_group_b,pss,20,uniform,heterogeneous,4,8.6628,0.535025,3.2186,0.003951,20,20
phase3_group_b,pss,20,uniform,heterogeneous,5,7.5081,0.542496,3.1949,0.006533,20,20
phase3_group_b,pss,20,uniform,heterogeneous,6,13.1106,0.584495,3.2745,0.002201,20,20
phase3_group_b,pss,20,uniform,heterogeneous,7,12.2212,0.582588,3.2382,0.002949,20,20
phase3_group_b,pss,20,uniform,heterogeneous,8,10.7448,0.544083,3.2389,0.003093,20,20
phase3_group_b,pss,20,uniform,heterogeneous,9,10.4451,0.552489,3.243,0.005356,20,20
phase3_group_b,pss,20,uniform,heterogeneous,10,11.7672,0.555367,3.2481,0.00486,20,20
phase3_group_b,pss,20,uniform,heterogeneous,11,9.8171,0.538224,3.2295,0.004146,20,20
phase3_group_b,pss,20,uniform,heterogeneous,12,9.3588,0.516977,3.2179,0.006304,20,20
phase3_group_b,pss,20,uniform,heterogeneous,13,9.2276,0.52472,3.2368,0.005884,20,20
phase3_group_b,pss,20,uniform,heterogeneous,14,10.551,0.531283,3.2493,0.005074,20,20
phase3_group_b,pss,20,uniform,heterogeneous,15,10.0452,0.538568,3.24,0.00414,20,20
phase3_group_b,pss,20,uniform,heterogeneous,16,13.0676,0.565293,3.2179,0.003191,20,20
phase3_group_b,pss,20,uniform,heterogeneous,17,8.9557,0.554206,3.1938,0.007868,20,20
phase3_group_b,pss,20,uniform,heterogeneous,18,8.8339,0.551174,3.2099,0.005284,20,20
phase3_group_b,pss,20,uniform,heterogeneous,19,12.1236,0.533242,3.26,0.003339,20,20
phase3_group_b,pss,20,uniform,heterogeneous,20,12.6988,0.564004,3.2596,0.002553,20,20
phase3_group_b,pss,40,uniform,heterogeneous,1,7.4092,0.447598,3.2384,0.009373,27,40
phase3_group_b,pss,40,uniform,heterogeneous,2,8.9166,0.431285,3.2633,0.007418,29,40
phase3_group_b,pss,40,uniform,heterogeneous,3,13.5793,0.400399,3.2617,0.003615,36,40
phase3_group_b,pss,40,uniform,heterogeneous,4,8.4107,0.436261,3.2438,0.007261,28,40
phase3_group_b,pss,40,uniform,heterogeneous,5,7.2164,0.451392,3.2352,0.008555,27,40
phase3_group_b,pss,40,uniform,heterogeneous,6,11.1178,0.4116,3.2638,0.006299,34,40
phase3_group_b,pss,40,uniform,heterogeneous,7,8.672,0.433858,3.2371,0.006436,32,40
phase3_group_b,pss,40,uniform,heterogeneous,8,9.3969,0.427007,3.2517,0.005192,31,40
phase3_group_b,pss,40,uniform,heterogeneous,9,10.2138,0.418545,3.2642,0.005891,28,40
phase3_group_b,pss,40,uniform,heterogeneous,10,9.2227,0.4259,3.2407,0.009561,35,40
phase3_group_b,pss,40,uniform,heterogeneous,11,7.2495,0.451109,3.245,0.010094,27,40
phase3_group_b,pss,40,uniform,heterogeneous,12,7.0015,0.453399,3.2484,0.010314,27,40
phase3_group_b,pss,40,uniform,heterogeneous,13,7.4884,0.449057,3.2369,0.010017,30,40
phase3_group_b,pss,40,uniform,heterogeneous,14,8.5819,0.432518,3.2712,0.00785,28,40
phase3_group_b,pss,40,uniform,heterogeneous,15,9.1859,0.429579,3.2375,0.006542,28,40
phase3_group_b,pss,40,uniform,heterogeneous,16,9.2747,0.425464,3.242,0.007051,32,40
phase3_group_b,pss,40,uniform,heterogeneous,17,8.0535,0.438556,3.2469,0.008895,29,40
phase3_group_b,pss,40,uniform,heterogeneous,18,8.877,0.429867,3.2532,0.008967,29,40
phase3_group_b,pss,40,uniform,heterogeneous,19,10.7155,0.415408,3.2208,0.006199,31,40
phase3_group_b,pss,40,uniform,heterogeneous,20,9.1346,0.428446,3.2408,0.005799,28,40
phase3_group_b,rr,10,clustered,heterogeneous,1,8.654,0.509141,5.1075,0.023018,10,10
phase3_group_b,rr,10,clustered,heterogeneous,2,8.7751,0.520265,5.1243,0.022723,10,10
phase3_group_b,rr,10,clustered,heterogeneous,3,8.3324,0.48428,5.099,0.025206,10,10
phase3_group_b,rr,10,clustered,heterogeneous,4,9.5338,0.421272,4.9162,0.024522,10,10
phase3_group_b,rr,10,clustered,heterogeneous,5,8.7275,0.541194,4.8966,0.023589,10,10
phase3_group_b,rr,10,clustered,heterogeneous,6,9.3156,0.393431,5.0473,0.025047,10,10
phase3_group_b,rr,10,clustered,heterogeneous,7,8.6566,0.474159,5.1189,0.024104,10,10
phase3_group_b,rr,10,clustered,heterogeneous,8,7.8914,0.548649,4.9343,0.024867,10,10
phase3_group_b,rr,10,clustered,heterogeneous,9,8.6349,0.461881,5.1149,0.023347,10,10
phase3_group_b,rr,10,clustered,heterogeneous,10,9.3076,0.52119,4.9678,0.020263,10,10
phase3_group_b,rr,10,clustered,heterogeneous,11,8.3832,0.573146,5.1233,0.020955,10,10
phase3_group_b,rr,10,clustered,heterogeneous,12,9.8248,0.420257,4.9472,0.024265,10,10
phase3_group_b,rr,10,clustered,heterogeneous,13,8.1527,0.539334,5.0768,0.022235,10,10
phase3_group_b,rr,10,clustered,heterogeneous,14,9.3837,0.469372,4.9994,0.021233,10,10
phase3_group_b,rr,10,clustered,heterogeneous,15,8.8588,0.540522,5.0473,0.022239,10,10
phase3_group_b,rr,10,clustered,heterogeneous,16,8.5883,0.534561,5.0405,0.022813,10,10
phase3_group_b,rr,10,clustered,heterogeneous,17,7.6585,0.530526,4.9984,0.023519,10,10
phase3_group_b,rr,10,clustered,heterogeneous,18,9.7548,0.434012,4.9565,0.021757,10,10
phase3_group_b,rr,10,clustered,heterogeneous,19,10.6887,0.418415,4.7177,0.022702,10,10
phase3_group_b,rr,10,clustered,heterogeneous,20,8.1571,0.506453,4.8971,0.024922,10,10
phase3_group_b,rr,20,clustered,heterogeneous,1,9.0584,0.502573,5.2372,0.02762,20,20
phase3_group_b,rr,20,clustered,heterogeneous,2,9.4415,0.473719,5.1347,0.026822,20,20
phase3_group_b,rr,20,clustered,heterogeneous,3,8.9985,0.484449,5.1826,0.028086,20,20
phase3_group_b,rr,20,clustered,heterogeneous,4,9.6427,0.437161,5.0258,0.028278,20,20
phase3_group_b,rr,20,clustered,heterogeneous,5,10.3655,0.468621,4.9474,0.025013,20,20
phase3_group_b,rr,20,clustered,heterogeneous,6,9.4227,0.441318,5.1408,0.028572,20,20
phase3_group_b,rr,20,clustered,heterogeneous,7,9.7602,0.443863,5.1092,0.027649,20,20
phase3_group_b,rr,20,clustered,heterogeneous,8,9.914,0.445219,5.0533,0.026233,20,20
phase3_group_b,rr,20,clustered,heterogeneous,9,9.9815,0.462693,5.1161,0.026456,20,20
phase3_group_b,rr,20,clustered,heterogeneous,10,10.1989,0.470589,5.0623,0.025284,20,20
phase3_group_b,rr,20,clustered,heterogeneous,11,9.0807,0.522586,5.2391,0.026574,20,20
phase3_group_b,rr,20,clustered,heterogeneous,12,10.3905,0.459429,5.0543,0.024438,20,20
phase3_group_b,rr,20,clustered,heterogeneous,13,8.5813,0.510842,5.1993,0.029393,20,20
phase3_group_b,rr,20,clustered,heterogeneous,14,9.8117,0.470004,5.0948,0.02636,20,20
phase3_group_b,rr,20,clustered,heterogeneous,15,9.8035,0.454729,5.1138,0.026631,20,20
phase3_group_b,rr,20,clustered,heterogeneous,16,9.9618,0.465271,5.0543,0.026109,20,20
phase3_group_b,rr,20,clustered,heterogeneous,17,7.8173,0.547136,5.1724,0.030088,20,20
phase3_group_b,rr,20,clustered,heterogeneous,18,9.4031,0.466402,5.1571,0.026735,20,20
phase3_group_b,rr,20,clustered,heterogeneous,19,10.1673,0.463677,5.0588,0.025433,20,20
phase3_group_b,rr,20,clustered,heterogeneous,20,9.5159,0.477952,5.0257,0.027433,20,20
phase3_group_b,rr,40,clustered,heterogeneous,1,10.7865,0.526671,5.1238,0.027431,40,40
phase3_group_b,rr,40,clustered,heterogeneous,2,10.1576,0.543285,5.1626,0.028068,40,40
phase3_group_b,rr,40,clustered,heterogeneous,3,9.4521,0.531356,5.2208,0.030976,40,40
phase3_group_b,rr,40,clustered,heterogeneous,4,10.0897,0.538526,5.1735,0.02881,40,40
phase3_group_b,rr,40,clustered,heterogeneous,5,11.0758,0.527275,5.0357,0.028109,40,40
phase3_group_b,rr,40,clustered,heterogeneous,6,10.7324,0.52041,5.0906,0.028551,40,40
phase3_group_b,rr,40,clustered,heterogeneous,7,10.2543,0.536733,5.0963,0.028937,40,40
phase3_group_b,rr,40,clustered,heterogeneous,8,10.3342,0.550657,5.1388,0.028081,40,40
phase3_group_b,rr,40,clustered,heterogeneous,9,11.1732,0.521596,5.0296,0.028121,40,40
phase3_group_b,rr,40,clustered,heterogeneous,10,11.2407,0.530393,5.0492,0.02844,40,40
phase3_group_b,rr,40,clustered,heterogeneous,11,10.0783,0.535683,5.1835,0.029138,40,40
phase3_group_b,rr,40,clustered,heterogeneous,12,10.8841,0.524391,5.0976,0.027082,40,40
phase3_group_b,rr,40,clustered,heterogeneous,13,10.2906,0.523811,5.1138,0.030045,40,40
phase3_group_b,rr,40,clustered,heterogeneous,14,10.1995,0.523356,5.1472,0.030019,40,40
phase3_group_b,rr,40,clustered,heterogeneous,15,10.4783,0.536356,5.1134,0.02912,40,40
phase3_group_b,rr,40,clustered,heterogeneous,16,10.6801,0.553483,5.0535,0.027622,40,40
phase3_group_b,rr,40,clustered,heterogeneous,17,9.4594,0.581507,5.1753,0.028993,40,40
phase3_group_b,rr,40,clustered,heterogeneous,18,10.6496,0.517505,5.0881,0.028603,40,40
phase3_group_b,rr,40,clustered,heterogeneous,19,11.0286,0.530767,5.0647,0.026699,40,40
phase3_group_b,rr,40,clustered,heterogeneous,20,10.6439,0.531646,5.0897,0.028782,40,40
phase3_group_b,rr,10,uniform,heterogeneous,1,6.3906,0.51416,5.3416,0.029493,10,10
phase3_group_b,rr,10,uniform,heterogeneous,2,7.7922,0.534027,5.1955,0.02434,10,10
phase3_group_b,rr,10,uniform,heterogeneous,3,6.2331,0.575565,5.3468,0.030919,10,10
phase3_group_b,rr,10,uniform,heterogeneous,4,4.4536,0.592886,5.3693,0.036161,10,10
phase3_group_b,rr,10,uniform,heterogeneous,5,3.7508,0.760412,5.3506,0.040477,10,10
phase3_group_b,rr,10,uniform,heterogeneous,6,6.6475,0.613,5.3003,0.027312,10,10
phase3_group_b,rr,10,uniform,heterogeneous,7,10.4966,0.431884,4.9289,0.019247,10,10
phase3_group_b,rr,10,uniform,heterogeneous,8,5.3443,0.62811,5.355,0.033729,10,10
phase3_group_b,rr,10,uniform,heterogeneous,9,6.8869,0.513644,5.316,0.031191,10,10
phase3_group_b,rr,10,uniform,heterogeneous,10,9.3658,0.390199,4.9451,0.023881,10,10
phase3_group_b,rr,10,uniform,heterogeneous,11,5.0956,0.694911,5.2801,0.032709,10,10
phase3_group_b,rr,10,uniform,heterogeneous,12,5.989,0.598013,5.3086,0.030397,10,10
phase3_group_b,rr,10,uniform,heterogeneous,13,4.878,0.515568,5.3798,0.03642,10,10
phase3_group_b,rr,10,uniform,heterogeneous,14,9.2723,0.409603,5.1426,0.025049,10,10
phase3_group_b,rr,10,uniform,heterogeneous,15,5.9448,0.632742,5.3131,0.027216,10,10
phase3_group_b,rr,10,uniform,heterogeneous,16,7.5609,0.64859,5.1488,0.025661,10,10
phase3_group_b,rr,10,uniform,heterogeneous,17,4.8844,0.556616,5.3705,0.036905,10,10
phase3_group_b,rr,10,uniform,heterogeneous,18,4.9797,0.585193,5.4071,0.035515,10,10
phase3_group_b,rr,10,uniform,heterogeneous,19,5.5463,0.543395,5.3868,0.033299,10,10
phase3_group_b,rr,10,uniform,heterogeneous,20,5.8537,0.630654,5.2706,0.031258,10,10
phase3_group_b,rr,20,uniform,heterogeneous,1,5.5977,0.533612,5.415,0.040045,20,20
phase3_group_b,rr,20,uniform,heterogeneous,2,7.0861,0.555896,5.3139,0.032715,20,20
phase3_group_b,rr,20,uniform,heterogeneous,3,7.9875,0.421219,5.2423,0.031775,20,20
phase3_group_b,rr,20,uniform,heterogeneous,4,4.332,0.684137,5.4354,0.043873,20,20
phase3_group_b,rr,20,uniform,heterogeneous,5,3.8487,0.773437,5.4876,0.044805,20,20
phase3_group_b,rr,20,uniform,heterogeneous,6,7.2452,0.550149,5.3238,0.032084,20,20
phase3_group_b,rr,20,uniform,heterogeneous,7,8.4212,0.412485,5.2027,0.0311,20,20
phase3_group_b,rr,20,uniform,heterogeneous,8,5.9551,0.486862,5.405,0.036228,20,20
phase3_group_b,rr,20,uniform,heterogeneous,9,6.3035,0.470052,5.4141,0.03883,20,20
phase3_group_b,rr,20,uniform,heterogeneous,10,7.7748,0.409217,5.2669,0.032428,20,20
phase3_group_b,rr,20,uniform,heterogeneous,11,5.2917,0.511703,5.4112,0.040617,20,20
phase3_group_b,rr,20,uniform,heterogeneous,12,5.1354,0.527811,5.4228,0.042384,20,20
phase3_group_b,rr,20,uniform,heterogeneous,13,5.1492,0.500277,5.4253,0.041183,20,20
phase3_group_b,rr,20,uniform,heterogeneous,14,7.0393,0.369529,5.3448,0.03726,20,20
phase3_group_b,rr,20,uniform,heterogeneous,15,5.3703,0.567089,5.3941,0.038073,20,20
phase3_group_b,rr,20,uniform,heterogeneous,16,8.49,0.421683,5.238,0.033404,20,20
phase3_group_b,rr,20,uniform,heterogeneous,17,6.4761,0.34957,5.3775,0.042032,20,20
phase3_group_b,rr,20,uniform,heterogeneous,18,4.8981,0.637122,5.461,0.04087,20,20
phase3_group_b,rr,20,uniform,heterogeneous,19,7.0344,0.437238,5.3067,0.035777,20,20
phase3_group_b,rr,20,uniform,heterogeneous,20,7.423,0.474744,5.2973,0.033576,20,20
phase3_group_b,rr,40,uniform,heterogeneous,1,5.905,0.575976,5.5036,0.044061,40,40
phase3_group_b,rr,40,uniform,heterogeneous,2,6.5312,0.653312,5.4086,0.039869,40,40
phase3_group_b,rr,40,uniform,heterogeneous,3,9.3392,0.573051,5.2363,0.031108,40,40
phase3_group_b,rr,40,uniform,heterogeneous,4,4.8023,0.716876,5.6679,0.049795,40,40
phase3_group_b,rr,40,uniform,heterogeneous,5,5.0311,0.531355,5.5694,0.049729,40,40
phase3_group_b,rr,40,uniform,heterogeneous,6,6.4785,0.626386,5.4531,0.040955,40,40
phase3_group_b,rr,40,uniform,heterogeneous,7,6.2797,0.537158,5.4699,0.041851,40,40
phase3_group_b,rr,40,uniform,heterogeneous,8,6.0353,0.553386,5.5004,0.044325,40,40
phase3_group_b,rr,40,uniform,heterogeneous,9,6.4461,0.559116,5.4767,0.042033,40,40
phase3_group_b,rr,40,uniform,heterogeneous,10,7.6294,0.506918,5.3875,0.038582,40,40
phase3_group_b,rr,40,uniform,heterogeneous,11,5.2327,0.654542,5.6037,0.046021,40,40
phase3_group_b,rr,40,uniform,heterogeneous,12,4.6165,0.697706,5.6889,0.050547,40,40
phase3_group_b,rr,40,uniform,heterogeneous,13,5.5953,0.573772,5.5459,0.044226,40,40
phase3_group_b,rr,40,uniform,heterogeneous,14,6.3182,0.543367,5.5315,0.044821,40,40
phase3_group_b,rr,40,uniform,heterogeneous,15,6.3654,0.545983,5.4036,0.040267,40,40
phase3_group_b,rr,40,uniform,heterogeneous,16,6.3321,0.511402,5.5018,0.047102,40,40
phase3_group_b,rr,40,uniform,heterogeneous,17,6.116,0.575016,5.5789,0.045465,40,40
phase3_group_b,rr,40,uniform,heterogeneous,18,6.7772,0.524928,5.4216,0.041403,40,40
phase3_group_b,rr,40,uniform,heterogeneous,19,6.1918,0.530944,5.4607,0.043851,40,40
phase3_group_b,rr,40,uniform,heterogeneous,20,5.5858,0.611223,5.5881,0.046141,40,40
phase3_group_b,tta,10,clustered,heterogeneous,1,13.9581,0.438934,3.3723,0.007381,10,10
phase3_group_b,tta,10,clustered,heterogeneous,2,13.3667,0.522021,3.3704,0.004415,10,10
phase3_group_b,tta,10,clustered,heterogeneous,3,12.4674,0.516356,3.3346,0.009513,10,10
phase3_group_b,tta,10,clustered,heterogeneous,4,11.7553,0.676663,3.3301,0.006025,10,10
phase3_group_b,tta,10,clustered,heterogeneous,5,13.3989,0.507538,3.3275,0.007645,10,10
phase3_group_b,tta,10,clustered,heterogeneous,6,11.0329,0.676979,3.3327,0.009486,10,10
phase3_group_b,tta,10,clustered,heterogeneous,7,12.8219,0.476136,3.391,0.00818,10,10
phase3_group_b,tta,10,clustered,heterogeneous,8,12.4979,0.462505,3.3531,0.007798,10,10
phase3_group_b,tta,10,clustered,heterogeneous,9,13.337,0.452227,3.3842,0.007239,10,10
phase3_group_b,tta,10,clustered,heterogeneous,10,13.9259,0.481843,3.3678,0.006769,10,10
phase3_group_b,tta,10,clustered,heterogeneous,11,13.915,0.49767,3.3694,0.006852,10,10
phase3_group_b,tta,10,clustered,heterogeneous,12,11.2065,0.639226,3.3433,0.005955,10,10
phase3_group_b,tta,10,clustered,heterogeneous,13,13.6713,0.449573,3.3806,0.004947,10,10
phase3_group_b,tta,10,clustered,heterogeneous,14,13.487,0.544094,3.356,0.007762,10,10
phase3_group_b,tta,10,clustered,heterogeneous,15,14.2835,0.52199,3.3844,0.004411,10,10
phase3_group_b,tta,10,clustered,heterogeneous,16,13.7891,0.478486,3.3856,0.007863,10,10
phase3_group_b,tta,10,clustered,heterogeneous,17,12.7174,0.488917,3.3477,0.007526,10,10
phase3_group_b,tta,10,clustered,heterogeneous,18,11.6464,0.670253,3.3517,0.00786,10,10
phase3_group_b,tta,10,clustered,heterogeneous,19,12.0728,0.680463,3.2893,0.007551,10,10
phase3_group_b,tta,10,clustered,heterogeneous,20,12.4756,0.475859,3.3179,0.009405,10,10
phase3_group_b,tta,20,clustered,heterogeneous,1,14.1903,0.531321,3.474,0.009496,20,20
phase3_group_b,tta,20,clustered,heterogeneous,2,13.3773,0.555534,3.5202,0.008711,20,20
phase3_group_b,tta,20,clustered,heterogeneous,3,12.9835,0.519833,3.5211,0.012251,20,20
phase3_group_b,tta,20,clustered,heterogeneous,4,11.6638,0.530853,3.4605,0.009685,20,20
phase3_group_b,tta,20,clustered,heterogeneous,5,12.6545,0.498144,3.4653,0.008554,20,20
phase3_group_b,tta,20,clustered,heterogeneous,6,12.1464,0.556391,3.4907,0.008487,20,20
phase3_group_b,tta,20,clustered,heterogeneous,7,12.3013,0.631799,3.4852,0.009923,20,20
phase3_group_b,tta,20,clustered,heterogeneous,8,12.2175,0.506613,3.4442,0.010288,20,20
phase3_group_b,tta,20,clustered,heterogeneous,9,12.6839,0.551655,3.4682,0.00923,20,20
phase3_group_b,tta,20,clustered,heterogeneous,10,13.1538,0.504694,3.4919,0.008162,20,20
phase3_group_b,tta,20,clustered,heterogeneous,11,14.5675,0.510336,3.4859,0.009309,20,20
phase3_group_b,tta,20,clustered,heterogeneous,12,12.3892,0.48878,3.5019,0.008877,20,20
phase3_group_b,tta,20,clustered,heterogeneous,13,13.408,0.495089,3.5403,0.009998,20,20
phase3_group_b,tta,20,clustered,heterogeneous,14,13.4453,0.566597,3.5066,0.011823,20,20
phase3_group_b,tta,20,clustered,heterogeneous,15,13.051,0.551968,3.5092,0.008896,20,20
phase3_group_b,tta,20,clustered,heterogeneous,16,13.7162,0.54555,3.517,0.011506,20,20
phase3_group_b,tta,20,clustered,heterogeneous,17,13.1802,0.49465,3.4987,0.0103,20,20
phase3_group_b,tta,20,clustered,heterogeneous,18,13.0563,0.553152,3.4931,0.011457,20,20
phase3_group_b,tta,20,clustered,heterogeneous,19,12.9943,0.473825,3.4471,0.00808,20,20
phase3_group_b,tta,20,clustered,heterogeneous,20,13.4872,0.472989,3.4868,0.011377,20,20
phase3_group_b,tta,40,clustered,heterogeneous,1,12.4189,0.588389,3.7173,0.013396,40,40
phase3_group_b,tta,40,clustered,heterogeneous,2,12.6489,0.605436,3.7633,0.01283,40,40
phase3_group_b,tta,40,clustered,heterogeneous,3,11.7762,0.598095,3.7641,0.016693,40,40
phase3_group_b,tta,40,clustered,heterogeneous,4,12.4129,0.551371,3.6973,0.014304,40,40
phase3_group_b,tta,40,clustered,heterogeneous,5,12.2966,0.604613,3.6761,0.014582,40,40
phase3_group_b,tta,40,clustered,heterogeneous,6,11.5987,0.601029,3.6886,0.012105,40,40
phase3_group_b,tta,40,clustered,heterogeneous,7,12.6588,0.600501,3.7066,0.013399,40,40
phase3_group_b,tta,40,clustered,heterogeneous,8,13.1291,0.57656,3.7279,0.013182,40,40
phase3_group_b,tta,40,clustered,heterogeneous,9,11.8472,0.648182,3.6642,0.015405,40,40
phase3_group_b,tta,40,clustered,heterogeneous,10,12.1678,0.643068,3.7343,0.011589,40,40
phase3_group_b,tta,40,clustered,heterogeneous,11,12.3548,0.574289,3.7019,0.011928,40,40
phase3_group_b,tta,40,clustered,heterogeneous,12,12.389,0.527151,3.6924,0.012332,40,40
phase3_group_b,tta,40,clustered,heterogeneous,13,12.0892,0.565786,3.7002,0.014141,40,40
phase3_group_b,tta,40,clustered,heterogeneous,14,11.8347,0.598627,3.716,0.016908,40,40
phase3_group_b,tta,40,clustered,heterogeneous,15,12.2995,0.637475,3.6967,0.013392,40,40
phase3_group_b,tta,40,clustered,heterogeneous,16,13.0407,0.630583,3.7274,0.01247,40,40
phase3_group_b,tta,40,clustered,heterogeneous,17,13.3625,0.594015,3.7276,0.013518,40,40
phase3_group_b,tta,40,clustered,heterogeneous,18,11.853,0.595933,3.6777,0.01586,40,40
phase3_group_b,tta,40,clustered,heterogeneous,19,12.592,0.575939,3.6977,0.012084,40,40
phase3_group_b,tta,40,clustered,heterogeneous,20,12.4003,0.561588,3.7133,0.014764,40,40
phase3_group_b,tta,10,uniform,heterogeneous,1,12.3737,0.49331,3.3426,0.01317,10,10
phase3_group_b,tta,10,uniform,heterogeneous,2,13.1576,0.497405,3.3183,0.011148,10,10
phase3_group_b,tta,10,uniform,heterogeneous,3,11.1532,0.541269,3.3134,0.011103,10,10
phase3_group_b,tta,10,uniform,heterogeneous,4,8.0941,0.642012,3.3116,0.016019,10,10
phase3_group_b,tta,10,uniform,heterogeneous,5,7.0465,0.732266,3.3232,0.015834,10,10
phase3_group_b,tta,10,uniform,heterogeneous,6,10.5992,0.657267,3.3117,0.010084,10,10
phase3_group_b,tta,10,uniform,heterogeneous,7,12.0544,0.609519,3.3154,0.003936,10,10
phase3_group_b,tta,10,uniform,heterogeneous,8,8.7851,0.71648,3.3153,0.010515,10,10
phase3_group_b,tta,10,uniform,heterogeneous,9,11.84,0.495329,3.3684,0.0119,10,10
phase3_group_b,tta,10,uniform,heterogeneous,10,10.8338,0.600725,3.3387,0.011069,10,10
phase3_group_b,tta,10,uniform,heterogeneous,11,8.681,0.732476,3.3396,0.007073,10,10
phase3_group_b,tta,10,uniform,heterogeneous,12,9.5415,0.686617,3.3319,0.011252,10,10
phase3_group_b,tta,10,uniform,heterogeneous,13,8.0178,0.64578,3.3092,0.020886,10,10
phase3_group_b,tta,10,uniform,heterogeneous,14,11.7377,0.584039,3.3533,0.012359,10,10
phase3_group_b,tta,10,uniform,heterogeneous,15,9.7513,0.694544,3.3271,0.00665,10,10
phase3_group_b,tta,10,uniform,heterogeneous,16,11.4776,0.66599,3.3079,0.005965,10,10
phase3_group_b,tta,10,uniform,heterogeneous,17,8.1282,0.700722,3.3074,0.018518,10,10
phase3_group_b,tta,10,uniform,heterogeneous,18,8.805,0.640225,3.2902,0.016165,10,10
phase3_group_b,tta,10,uniform,heterogeneous,19,8.4756,0.70373,3.305,0.016026,10,10
phase3_group_b,tta,10,uniform,heterogeneous,20,9.3001,0.718053,3.3543,0.008026,10,10
phase3_group_b,tta,20,uniform,heterogeneous,1,9.6446,0.549223,3.3877,0.021023,20,20
phase3_group_b,tta,20,uniform,heterogeneous,2,12.0151,0.551814,3.4781,0.01194,20,20
phase3_group_b,tta,20,uniform,heterogeneous,3,10.7851,0.59329,3.4593,0.010911,20,20
phase3_group_b,tta,20,uniform,heterogeneous,4,7.9252,0.705308,3.4278,0.015895,20,20
phase3_group_b,tta,20,uniform,heterogeneous,5,7.1396,0.730257,3.4242,0.019196,20,20
phase3_group_b,tta,20,uniform,heterogeneous,6,11.4481,0.623496,3.4618,0.012193,20,20
phase3_group_b,tta,20,uniform,heterogeneous,7,10.2655,0.642253,3.4197,0.009278,20,20
phase3_group_b,tta,20,uniform,heterogeneous,8,9.1421,0.684598,3.4408,0.014995,20,20
phase3_group_b,tta,20,uniform,heterogeneous,9,9.8648,0.554099,3.4334,0.018485,20,20
phase3_group_b,tta,20,uniform,heterogeneous,10,10.0057,0.593794,3.4324,0.016199,20,20
phase3_group_b,tta,20,uniform,heterogeneous,11,9.2822,0.522599,3.4496,0.015783,20,20
phase3_group_b,tta,20,uniform,heterogeneous,12,8.0875,0.672681,3.3945,0.024721,20,20
phase3_group_b,tta,20,uniform,heterogeneous,13,8.1277,0.675488,3.4509,0.02106,20,20
phase3_group_b,tta,20,uniform,heterogeneous,14,8.8214,0.655505,3.4549,0.019689,20,20
phase3_group_b,tta,20,uniform,heterogeneous,15,8.9131,0.682547,3.4323,0.015626,20,20
phase3_group_b,tta,20,uniform,heterogeneous,16,10.1776,0.649497,3.3973,0.013621,20,20
phase3_group_b,tta,20,uniform,heterogeneous,17,7.7658,0.649798,3.4065,0.024672,20,20
phase3_group_b,tta,20,uniform,heterogeneous,18,8.3519,0.713787,3.425,0.016053,20,20
phase3_group_b,tta,20,uniform,heterogeneous,19,9.5586,0.520223,3.409,0.021061,20,20
phase3_group_b,tta,20,uniform,heterogeneous,20,11.3787,0.514805,3.4805,0.011184,20,20
phase3_group_b,tta,40,uniform,heterogeneous,1,8.0162,0.731757,3.6278,0.030253,40,40
phase3_group_b,tta,40,uniform,heterogeneous,2,9.7065,0.641302,3.712,0.021079,40,40
phase3_group_b,tta,40,uniform,heterogeneous,3,12.1276,0.623782,3.7073,0.014835,40,40
phase3_group_b,tta,40,uniform,heterogeneous,4,7.4408,0.786904,3.6175,0.026842,40,40
phase3_group_b,tta,40,uniform,heterogeneous,5,7.0649,0.708742,3.6579,0.03039,40,40
phase3_group_b,tta,40,uniform,heterogeneous,6,9.2951,0.707598,3.641,0.026784,40,40
phase3_group_b,tta,40,uniform,heterogeneous,7,8.1197,0.785531,3.6011,0.02281,40,40
phase3_group_b,tta,40,uniform,heterogeneous,8,7.9321,0.74968,3.6174,0.027309,40,40
phase3_group_b,tta,40,uniform,heterogeneous,9,9.1331,0.62842,3.6718,0.025486,40,40
phase3_group_b,tta,40,uniform,heterogeneous,10,9.2989,0.683296,3.6586,0.02877,40,40
phase3_group_b,tta,40,uniform,heterogeneous,11,7.855,0.665887,3.6426,0.032395,40,40
phase3_group_b,tta,40,uniform,heterogeneous,12,6.9638,0.792957,3.5997,0.032836,40,40
phase3_group_b,tta,40,uniform,heterogeneous,13,8.1619,0.679974,3.6299,0.031076,40,40
phase3_group_b,tta,40,uniform,heterogeneous,14,8.5653,0.715791,3.6397,0.024914,40,40
phase3_group_b,tta,40,uniform,heterogeneous,15,8.3396,0.741806,3.6503,0.022092,40,40
phase3_group_b,tta,40,uniform,heterogeneous,16,7.7271,0.790075,3.6275,0.025313,40,40
phase3_group_b,tta,40,uniform,heterogeneous,17,8.5196,0.706161,3.6089,0.025765,40,40
phase3_group_b,tta,40,uniform,heterogeneous,18,8.6961,0.681928,3.6469,0.02669,40,40
phase3_group_b,tta,40,uniform,heterogeneous,19,8.3809,0.635906,3.6443,0.028799,40,40
phase3_group_b,tta,40,uniform,heterogeneous,20,8.4862,0.688973,3.6427,0.022823,40,40
phase4_extent_a,cqa,10,clustered,homogeneous,1,7.3211,0.999727,3.3497,0.010281,10,10
phase4_extent_a,cqa,10,clustered,homogeneous,2,8.0742,0.99972,3.331,0.005252,10,10
phase4_extent_a,cqa,10,clustered,homogeneous,3,6.7444,0.999771,3.3193,0.011538,10,10
phase4_extent_a,cqa,10,clustered,homogeneous,4,7.6735,0.999532,3.3,0.008355,10,10
phase4_extent_a,cqa,10,clustered,homogeneous,5,7.6395,0.999056,3.3187,0.010586,10,10
phase4_extent_a,cqa,10,clustered,homogeneous,6,7.3404,0.999698,3.3047,0.009365,10,10
phase4_extent_a,cqa,10,clustered,homogeneous,7,6.7608,0.999496,3.346,0.012574,10,10
phase4_extent_a,cqa,10,clustered,homogeneous,8,6.8377,0.999554,3.2946,0.012766,10,10
phase4_extent_a,cqa,10,clustered,homogeneous,9,7.1285,0.999809,3.3393,0.009033,10,10
phase4_extent_a,cqa,10,clustered,homogeneous,10,7.931,0.999819,3.3328,0.007477,10,10
phase4_extent_a,cqa,10,clustered,homogeneous,11,7.6804,0.999644,3.3501,0.007924,10,10
phase4_extent_a,cqa,10,clustered,homogeneous,12,7.9756,0.999681,3.2912,0.006431,10,10
phase4_extent_a,cqa,10,clustered,homogeneous,13,7.4616,0.999793,3.3389,0.008126,10,10
phase4_extent_a,cqa,10,clustered,homogeneous,14,7.6276,0.999729,3.3476,0.009792,10,10
phase4_extent_a,cqa,10,clustered,homogeneous,15,8.1213,0.999876,3.3613,0.005267,10,10
phase4_extent_a,cqa,10,clustered,homogeneous,16,7.6576,0.999437,3.3663,0.00909,10,10
phase4_extent_a,cqa,10,clustered,homogeneous,17,7.3752,0.999691,3.305,0.008066,10,10
phase4_extent_a,cqa,10,clustered,homogeneous,18,7.8157,0.999546,3.3383,0.009313,10,10
phase4_extent_a,cqa,10,clustered,homogeneous,19,7.7065,0.999118,3.2665,0.010758,10,10
phase4_extent_a,cqa,10,clustered,homogeneous,20,7.1683,0.99966,3.3096,0.011973,10,10
phase4_extent_a,cqa,20,clustered,homogeneous,1,6.7642,0.99939,3.4273,0.012083,20,20
phase4_extent_a,cqa,20,clustered,homogeneous,2,7.1218,0.999095,3.4328,0.010458,20,20
phase4_extent_a,cqa,20,clustered,homogeneous,3,6.4537,0.999266,3.4005,0.014119,20,20
phase4_extent_a,cqa,20,clustered,homogeneous,4,7.0188,0.998552,3.401,0.011134,20,20
phase4_extent_a,cqa,20,clustered,homogeneous,5,7.2979,0.998476,3.3681,0.013851,20,20
phase4_extent_a,cqa,20,clustered,homogeneous,6,7.0754,0.9988,3.3703,0.010483,20,20
phase4_extent_a,cqa,20,clustered,homogeneous,7,7.0275,0.998815,3.4049,0.009876,20,20
phase4_extent_a,cqa,20,clustered,homogeneous,8,6.7098,0.998703,3.3752,0.013351,20,20
phase4_extent_a,cqa,20,clustered,homogeneous,9,6.8985,0.998901,3.4003,0.012422,20,20
phase4_extent_a,cqa,20,clustered,homogeneous,10,7.5887,0.998998,3.3648,0.008738,20,20
phase4_extent_a,cqa,20,clustered,homogeneous,11,7.0287,0.999227,3.425,0.010617,20,20
phase4_extent_a,cqa,20,clustered,homogeneous,12,7.5649,0.998642,3.3847,0.009163,20,20
phase4_extent_a,cqa,20,clustered,homogeneous,13,6.7339,0.999207,3.4369,0.012515,20,20
phase4_extent_a,cqa,20,clustered,homogeneous,14,6.7704,0.998897,3.4442,0.014204,20,20
phase4_extent_a,cqa,20,clustered,homogeneous,15,7.0331,0.999037,3.3916,0.009864,20,20
phase4_extent_a,cqa,20,clustered,homogeneous,16,7.2366,0.998754,3.4036,0.01123,20,20
phase4_extent_a,cqa,20,clustered,homogeneous,17,6.6146,0.99916,3.4148,0.011624,20,20
phase4_extent_a,cqa,20,clustered,homogeneous,18,7.1163,0.999151,3.4324,0.010814,20,20
phase4_extent_a,cqa,20,clustered,homogeneous,19,7.4038,0.998587,3.357,0.010417,20,20
phase4_extent_a,cqa,20,clustered,homogeneous,20,6.8912,0.998927,3.383,0.011363,20,20
phase4_extent_a,cqa,40,clustered,homogeneous,1,6.9712,0.996915,3.4999,0.012718,40,40
phase4_extent_a,cqa,40,clustered,homogeneous,2,7.0016,0.99704,3.5302,0.009876,40,40
phase4_extent_a,cqa,40,clustered,homogeneous,3,6.4021,0.997065,3.5691,0.013078,40,40
phase4_extent_a,cqa,40,clustered,homogeneous,4,6.7979,0.997235,3.5118,0.011538,40,40
phase4_extent_a,cqa,40,clustered,homogeneous,5,7.1956,0.996691,3.5244,0.012,40,40
phase4_extent_a,cqa,40,clustered,homogeneous,6,6.8597,0.996221,3.5305,0.010052,40,40
phase4_extent_a,cqa,40,clustered,homogeneous,7,6.9461,0.996611,3.5743,0.011393,40,40
phase4_extent_a,cqa,40,clustered,homogeneous,8,7.0481,0.996708,3.5617,0.011167,40,40
phase4_extent_a,cqa,40,clustered,homogeneous,9,7.1049,0.996195,3.5356,0.013374,40,40
phase4_extent_a,cqa,40,clustered,homogeneous,10,7.152,0.996943,3.5692,0.010933,40,40
phase4_extent_a,cqa,40,clustered,homogeneous,11,6.8519,0.997142,3.5565,0.010965,40,40
phase4_extent_a,cqa,40,clustered,homogeneous,12,7.2386,0.996825,3.5477,0.010304,40,40
phase4_extent_a,cqa,40,clustered,homogeneous,13,6.8855,0.996472,3.5218,0.011483,40,40
phase4_extent_a,cqa,40,clustered,homogeneous,14,6.6047,0.997175,3.5579,0.01397,40,40
phase4_extent_a,cqa,40,clustered,homogeneous,15,6.9388,0.996902,3.5472,0.012054,40,40
phase4_extent_a,cqa,40,clustered,homogeneous,16,7.1576,0.996664,3.5701,0.011276,40,40
phase4_extent_a,cqa,40,clustered,homogeneous,17,6.9445,0.997257,3.562,0.009504,40,40
phase4_extent_a,cqa,40,clustered,homogeneous,18,6.8101,0.996687,3.5514,0.013393,40,40
phase4_extent_a,cqa,40,clustered,homogeneous,19,7.3689,0.996725,3.5202,0.008822,40,40
phase4_extent_a,cqa,40,clustered,homogeneous,20,6.6956,0.997099,3.5579,0.012535,40,40
phase4_extent_a,cqa,10,uniform,homogeneous,1,5.0595,0.999621,3.2944,0.020756,10,10
phase4_extent_a,cqa,10,uniform,homogeneous,2,6.3495,0.999493,3.3297,0.014227,10,10
phase4_extent_a,cqa,10,uniform,homogeneous,3,5.2856,0.999777,3.2864,0.01781,10,10
phase4_extent_a,cqa,10,uniform,homogeneous,4,4.8915,0.999634,3.303,0.019217,10,10
phase4_extent_a,cqa,10,uniform,homogeneous,5,4.7687,0.999367,3.2881,0.019419,10,10
phase4_extent_a,cqa,10,uniform,homogeneous,6,5.7589,0.999631,3.3145,0.014784,10,10
phase4_extent_a,cqa,10,uniform,homogeneous,7,8.5084,0.999574,3.2806,0.004742,10,10
phase4_extent_a,cqa,10,uniform,homogeneous,8,5.6659,0.999526,3.2833,0.013489,10,10
phase4_extent_a,cqa,10,uniform,homogeneous,9,5.3753,0.999817,3.3084,0.01674,10,10
phase4_extent_a,cqa,10,uniform,homogeneous,10,6.9294,0.999329,3.3246,0.013338,10,10
phase4_extent_a,cqa,10,uniform,homogeneous,11,6.0628,0.999515,3.3238,0.008519,10,10
phase4_extent_a,cqa,10,uniform,homogeneous,12,5.9449,0.999618,3.3032,0.012725,10,10
phase4_extent_a,cqa,10,uniform,homogeneous,13,4.4645,0.999429,3.3076,0.025526,10,10
phase4_extent_a,cqa,10,uniform,homogeneous,14,6.175,0.999647,3.3123,0.013549,10,10
phase4_extent_a,cqa,10,uniform,homogeneous,15,6.5294,0.999912,3.3142,0.006365,10,10
phase4_extent_a,cqa,10,uniform,homogeneous,16,6.9031,0.99953,3.2903,0.00935,10,10
phase4_extent_a,cqa,10,uniform,homogeneous,17,4.6413,0.999284,3.313,0.020883,10,10
phase4_extent_a,cqa,10,uniform,homogeneous,18,4.8308,0.999444,3.2714,0.019818,10,10
phase4_extent_a,cqa,10,uniform,homogeneous,19,4.7404,0.999452,3.3165,0.022171,10,10
phase4_extent_a,cqa,10,uniform,homogeneous,20,6.411,0.999788,3.2985,0.009815,10,10
phase4_extent_a,cqa,20,uniform,homogeneous,1,4.7219,0.999432,3.3818,0.022408,20,20
phase4_extent_a,cqa,20,uniform,homogeneous,2,6.0775,0.999228,3.403,0.013643,20,20
phase4_extent_a,cqa,20,uniform,homogeneous,3,6.2825,0.998839,3.3714,0.012337,20,20
phase4_extent_a,cqa,20,uniform,homogeneous,4,4.9759,0.999678,3.3988,0.015071,20,20
phase4_extent_a,cqa,20,uniform,homogeneous,5,4.5761,0.999554,3.3965,0.017023,20,20
phase4_extent_a,cqa,20,uniform,homogeneous,6,5.9799,0.999457,3.398,0.013084,20,20
phase4_extent_a,cqa,20,uniform,homogeneous,7,6.3635,0.998959,3.355,0.010442,20,20
phase4_extent_a,cqa,20,uniform,homogeneous,8,5.4073,0.999389,3.3912,0.015262,20,20
phase4_extent_a,cqa,20,uniform,homogeneous,9,4.9214,0.999389,3.3943,0.017866,20,20
phase4_extent_a,cqa,20,uniform,homogeneous,10,5.9486,0.999261,3.3796,0.015057,20,20
phase4_extent_a,cqa,20,uniform,homogeneous,11,5.2589,0.999386,3.4095,0.015997,20,20
phase4_extent_a,cqa,20,uniform,homogeneous,12,4.6901,0.999606,3.3664,0.025269,20,20
phase4_extent_a,cqa,20,uniform,homogeneous,13,4.6443,0.999447,3.3856,0.02074,20,20
phase4_extent_a,cqa,20,uniform,homogeneous,14,4.9216,0.999044,3.3885,0.019398,20,20
phase4_extent_a,cqa,20,uniform,homogeneous,15,5.3467,0.999279,3.3746,0.016231,20,20
phase4_extent_a,cqa,20,uniform,homogeneous,16,5.7125,0.998787,3.3735,0.015045,20,20
phase4_extent_a,cqa,20,uniform,homogeneous,17,4.3761,0.999005,3.4042,0.022553,20,20
phase4_extent_a,cqa,20,uniform,homogeneous,18,5.1064,0.999646,3.4129,0.015843,20,20
phase4_extent_a,cqa,20,uniform,homogeneous,19,5.1404,0.999131,3.3557,0.022341,20,20
phase4_extent_a,cqa,20,uniform,homogeneous,20,5.6545,0.999415,3.3913,0.014623,20,20
phase4_extent_a,cqa,40,uniform,homogeneous,1,4.8885,0.99835,3.5257,0.021731,40,40
phase4_extent_a,cqa,40,uniform,homogeneous,2,5.5816,0.998079,3.5738,0.014509,40,40
phase4_extent_a,cqa,40,uniform,homogeneous,3,6.3125,0.997473,3.5392,0.013063,40,40
phase4_extent_a,cqa,40,uniform,homogeneous,4,4.6787,0.998942,3.4909,0.019875,40,40
phase4_extent_a,cqa,40,uniform,homogeneous,5,4.5776,0.998696,3.5032,0.020881,40,40
phase4_extent_a,cqa,40,uniform,homogeneous,6,5.2285,0.997951,3.5276,0.021213,40,40
phase4_extent_a,cqa,40,uniform,homogeneous,7,5.0911,0.998221,3.577,0.015034,40,40
phase4_extent_a,cqa,40,uniform,homogeneous,8,4.9432,0.998141,3.5383,0.019227,40,40
phase4_extent_a,cqa,40,uniform,homogeneous,9,5.1242,0.997917,3.5476,0.018801,40,40
phase4_extent_a,cqa,40,uniform,homogeneous,10,5.34,0.998023,3.5651,0.020038,40,40
phase4_extent_a,cqa,40,uniform,homogeneous,11,4.6984,0.998535,3.5421,0.021476,40,40
phase4_extent_a,cqa,40,uniform,homogeneous,12,4.4228,0.999152,3.5516,0.019599,40,40
phase4_extent_a,cqa,40,uniform,homogeneous,13,4.7902,0.998285,3.5252,0.020326,40,40
phase4_extent_a,cqa,40,uniform,homogeneous,14,5.0144,0.998105,3.5298,0.017489,40,40
phase4_extent_a,cqa,40,uniform,homogeneous,15,5.3818,0.997996,3.5228,0.015012,40,40
phase4_extent_a,cqa,40,uniform,homogeneous,16,4.9049,0.997766,3.5043,0.020396,40,40
phase4_extent_a,cqa,40,uniform,homogeneous,17,4.935,0.998535,3.5428,0.018283,40,40
phase4_extent_a,cqa,40,uniform,homogeneous,18,5.2063,0.997821,3.5158,0.017728,40,40
phase4_extent_a,cqa,40,uniform,homogeneous,19,4.8975,0.998224,3.52,0.021156,40,40
phase4_extent_a,cqa,40,uniform,homogeneous,20,4.9097,0.9987,3.5632,0.01725,40,40
phase4_extent_b,cqa,10,clustered,heterogeneous,1,5.9714,0.437012,3.3582,0.008297,10,10
phase4_extent_b,cqa,10,clustered,heterogeneous,2,6.4401,0.445319,3.3706,0.004557,10,10
phase4_extent_b,cqa,10,clustered,heterogeneous,3,5.3448,0.436258,3.3611,0.011775,10,10
phase4_extent_b,cqa,10,clustered,heterogeneous,4,6.0063,0.43803,3.4084,0.00843,10,10
phase4_extent_b,cqa,10,clustered,heterogeneous,5,5.7066,0.435346,3.2876,0.011214,10,10
phase4_extent_b,cqa,10,clustered,heterogeneous,6,6.0712,0.435681,3.3934,0.007988,10,10
phase4_extent_b,cqa,10,clustered,heterogeneous,7,5.7941,0.434276,3.3493,0.012597,10,10
phase4_extent_b,cqa,10,clustered,heterogeneous,8,5.9426,0.433451,3.2883,0.011424,10,10
phase4_extent_b,cqa,10,clustered,heterogeneous,9,6.0703,0.433488,3.4176,0.00703,10,10
phase4_extent_b,cqa,10,clustered,heterogeneous,10,6.1626,0.444683,3.3481,0.009659,10,10
phase4_extent_b,cqa,10,clustered,heterogeneous,11,6.3785,0.444014,3.3424,0.005169,10,10
phase4_extent_b,cqa,10,clustered,heterogeneous,12,6.0892,0.437836,3.3586,0.007119,10,10
phase4_extent_b,cqa,10,clustered,heterogeneous,13,6.1338,0.438648,3.3058,0.005465,10,10
phase4_extent_b,cqa,10,clustered,heterogeneous,14,6.0466,0.437774,3.3846,0.008396,10,10
phase4_extent_b,cqa,10,clustered,heterogeneous,15,6.1641,0.4387,3.4121,0.00556,10,10
phase4_extent_b,cqa,10,clustered,heterogeneous,16,6.2478,0.439842,3.338,0.005887,10,10
phase4_extent_b,cqa,10,clustered,heterogeneous,17,5.6617,0.434336,3.3356,0.008306,10,10
phase4_extent_b,cqa,10,clustered,heterogeneous,18,5.8479,0.438487,3.3922,0.011381,10,10
phase4_extent_b,cqa,10,clustered,heterogeneous,19,6.4863,0.455064,3.3373,0.007246,10,10
phase4_extent_b,cqa,10,clustered,heterogeneous,20,5.7804,0.433732,3.2784,0.009164,10,10
phase4_extent_b,cqa,20,clustered,heterogeneous,1,7.7345,0.402207,3.413,0.007542,14,20
phase4_extent_b,cqa,20,clustered,heterogeneous,2,7.9689,0.400525,3.411,0.007371,14,20
phase4_extent_b,cqa,20,clustered,heterogeneous,3,6.7929,0.409869,3.446,0.014967,14,20
phase4_extent_b,cqa,20,clustered,heterogeneous,4,7.2096,0.406242,3.4334,0.011329,14,20
phase4_extent_b,cqa,20,clustered,heterogeneous,5,7.8973,0.40083,3.3691,0.009004,14,20
phase4_extent_b,cqa,20,clustered,heterogeneous,6,7.787,0.401959,3.4007,0.006656,14,20
phase4_extent_b,cqa,20,clustered,heterogeneous,7,7.349,0.405167,3.4254,0.011276,14,20
phase4_extent_b,cqa,20,clustered,heterogeneous,8,7.9742,0.400575,3.3774,0.008418,14,20
phase4_extent_b,cqa,20,clustered,heterogeneous,9,7.7551,0.401928,3.3529,0.009572,14,20
phase4_extent_b,cqa,20,clustered,heterogeneous,10,8.3185,0.398239,3.3964,0.00774,14,20
phase4_extent_b,cqa,20,clustered,heterogeneous,11,7.7608,0.402083,3.444,0.008697,14,20
phase4_extent_b,cqa,20,clustered,heterogeneous,12,7.7685,0.401929,3.4197,0.011405,14,20
phase4_extent_b,cqa,20,clustered,heterogeneous,13,8.4342,0.397651,3.3924,0.007353,14,20
phase4_extent_b,cqa,20,clustered,heterogeneous,14,7.2032,0.406401,3.4325,0.011936,14,20
phase4_extent_b,cqa,20,clustered,heterogeneous,15,7.0552,0.407495,3.4276,0.010123,14,20
phase4_extent_b,cqa,20,clustered,heterogeneous,16,7.3866,0.404774,3.3836,0.010091,14,20
phase4_extent_b,cqa,20,clustered,heterogeneous,17,6.8555,0.409246,3.4107,0.011208,14,20
phase4_extent_b,cqa,20,clustered,heterogeneous,18,6.7377,0.410457,3.4533,0.013972,14,20
phase4_extent_b,cqa,20,clustered,heterogeneous,19,8.5156,0.397175,3.3672,0.006958,14,20
phase4_extent_b,cqa,20,clustered,heterogeneous,20,7.7495,0.402224,3.3999,0.00773,14,20
phase4_extent_b,cqa,40,clustered,heterogeneous,1,9.0821,0.435298,3.5104,0.010061,27,40
phase4_extent_b,cqa,40,clustered,heterogeneous,2,8.5333,0.441583,3.4773,0.010157,27,40
phase4_extent_b,cqa,40,clustered,heterogeneous,3,8.3695,0.443327,3.5368,0.011158,27,40
phase4_extent_b,cqa,40,clustered,heterogeneous,4,8.3249,0.443546,3.5226,0.011399,27,40
phase4_extent_b,cqa,40,clustered,heterogeneous,5,8.2825,0.444064,3.5184,0.012939,27,40
phase4_extent_b,cqa,40,clustered,heterogeneous,6,9.1478,0.434344,3.5043,0.008734,27,40
phase4_extent_b,cqa,40,clustered,heterogeneous,7,8.3349,0.443456,3.5478,0.011558,27,40
phase4_extent_b,cqa,40,clustered,heterogeneous,8,8.3186,0.443983,3.5239,0.012619,27,40
phase4_extent_b,cqa,40,clustered,heterogeneous,9,8.5305,0.441343,3.4839,0.013514,27,40
phase4_extent_b,cqa,40,clustered,heterogeneous,10,9.2975,0.43313,3.4964,0.008804,27,40
phase4_extent_b,cqa,40,clustered,heterogeneous,11,9.0194,0.43581,3.4868,0.008758,27,40
phase4_extent_b,cqa,40,clustered,heterogeneous,12,9.0396,0.435546,3.506,0.008865,27,40
phase4_extent_b,cqa,40,clustered,heterogeneous,13,8.0435,0.447099,3.5161,0.013516,27,40
phase4_extent_b,cqa,40,clustered,heterogeneous,14,8.4126,0.442394,3.5197,0.011892,27,40
phase4_extent_b,cqa,40,clustered,heterogeneous,15,9.3043,0.433258,3.5013,0.010319,27,40
phase4_extent_b,cqa,40,clustered,heterogeneous,16,8.9725,0.43632,3.5046,0.009434,27,40
phase4_extent_b,cqa,40,clustered,heterogeneous,17,8.8448,0.437898,3.5156,0.009032,27,40
phase4_extent_b,cqa,40,clustered,heterogeneous,18,8.9067,0.437233,3.4963,0.01016,27,40
phase4_extent_b,cqa,40,clustered,heterogeneous,19,8.8886,0.437323,3.5018,0.010307,27,40
phase4_extent_b,cqa,40,clustered,heterogeneous,20,8.8646,0.437719,3.4978,0.012142,27,40
phase4_extent_b,cqa,10,uniform,heterogeneous,1,3.7796,0.451191,3.3099,0.021695,8,10
phase4_extent_b,cqa,10,uniform,heterogeneous,2,4.8174,0.439089,3.3252,0.020198,7,10
phase4_extent_b,cqa,10,uniform,heterogeneous,3,5.7897,0.433983,3.2849,0.012253,10,10
phase4_extent_b,cqa,10,uniform,heterogeneous,4,4.4105,0.443393,3.3131,0.017129,7,10
phase4_extent_b,cqa,10,uniform,heterogeneous,5,3.9301,0.449238,3.3281,0.020914,7,10
phase4_extent_b,cqa,10,uniform,heterogeneous,6,6.7117,0.466016,3.3611,0.008765,10,10
phase4_extent_b,cqa,10,uniform,heterogeneous,7,6.292,0.448701,3.3481,0.005479,10,10
phase4_extent_b,cqa,10,uniform,heterogeneous,8,6.1177,0.433362,3.3354,0.00717,10,10
phase4_extent_b,cqa,10,uniform,heterogeneous,9,4.7172,0.440235,3.3382,0.019558,7,10
phase4_extent_b,cqa,10,uniform,heterogeneous,10,4.6963,0.44033,3.4021,0.017747,7,10
phase4_extent_b,cqa,10,uniform,heterogeneous,11,6.301,0.432327,3.3863,0.003988,10,10
phase4_extent_b,cqa,10,uniform,heterogeneous,12,5.3243,0.435824,3.4109,0.013627,10,10
phase4_extent_b,cqa,10,uniform,heterogeneous,13,4.0821,0.447067,3.3915,0.024612,7,10
phase4_extent_b,cqa,10,uniform,heterogeneous,14,5.8429,0.434777,3.3777,0.013783,10,10
phase4_extent_b,cqa,10,uniform,heterogeneous,15,5.7312,0.434805,3.2987,0.008767,10,10
phase4_extent_b,cqa,10,uniform,heterogeneous,16,7.2723,0.533862,3.3316,0.003615,10,10
phase4_extent_b,cqa,10,uniform,heterogeneous,17,4.3407,0.444128,3.3609,0.020288,7,10
phase4_extent_b,cqa,10,uniform,heterogeneous,18,4.4776,0.442155,3.3348,0.021316,7,10
phase4_extent_b,cqa,10,uniform,heterogeneous,19,6.2756,0.440321,3.3609,0.010888,10,10
phase4_extent_b,cqa,10,uniform,heterogeneous,20,6.5703,0.44683,3.3561,0.003786,10,10
phase4_extent_b,cqa,20,uniform,heterogeneous,1,4.7595,0.438578,3.3567,0.022764,14,20
phase4_extent_b,cqa,20,uniform,heterogeneous,2,5.9991,0.418413,3.4136,0.015915,14,20
phase4_extent_b,cqa,20,uniform,heterogeneous,3,7.7615,0.402181,3.4354,0.008475,14,20
phase4_extent_b,cqa,20,uniform,heterogeneous,4,5.5038,0.425574,3.3746,0.012353,14,20
phase4_extent_b,cqa,20,uniform,heterogeneous,5,4.5365,0.443469,3.4279,0.019954,14,20
phase4_extent_b,cqa,20,uniform,heterogeneous,6,9.0184,0.394251,3.3773,0.007524,14,20
phase4_extent_b,cqa,20,uniform,heterogeneous,7,6.6761,0.411217,3.393,0.010665,14,20
phase4_extent_b,cqa,20,uniform,heterogeneous,8,6.6689,0.41121,3.4341,0.010071,14,20
phase4_extent_b,cqa,20,uniform,heterogeneous,9,5.7145,0.422463,3.3957,0.019079,14,20
phase4_extent_b,cqa,20,uniform,heterogeneous,10,6.0091,0.418481,3.4279,0.018736,14,20
phase4_extent_b,cqa,20,uniform,heterogeneous,11,5.9322,0.419528,3.4145,0.013122,14,20
phase4_extent_b,cqa,20,uniform,heterogeneous,12,5.3296,0.428009,3.3926,0.024688,14,20
phase4_extent_b,cqa,20,uniform,heterogeneous,13,5.4002,0.427397,3.4245,0.017459,14,20
phase4_extent_b,cqa,20,uniform,heterogeneous,14,5.5767,0.424813,3.4298,0.017279,14,20
phase4_extent_b,cqa,20,uniform,heterogeneous,15,6.1065,0.417411,3.4313,0.013299,14,20
phase4_extent_b,cqa,20,uniform,heterogeneous,16,7.5392,0.403743,3.3927,0.010757,14,20
phase4_extent_b,cqa,20,uniform,heterogeneous,17,4.4101,0.446532,3.3919,0.028318,14,20
phase4_extent_b,cqa,20,uniform,heterogeneous,18,5.1801,0.430782,3.4077,0.017111,14,20
phase4_extent_b,cqa,20,uniform,heterogeneous,19,7.9915,0.40045,3.4007,0.009946,14,20
phase4_extent_b,cqa,20,uniform,heterogeneous,20,8.2322,0.398889,3.3773,0.007399,14,20
phase4_extent_b,cqa,40,uniform,heterogeneous,1,5.1829,0.507684,3.4874,0.02337,27,40
phase4_extent_b,cqa,40,uniform,heterogeneous,2,6.2234,0.478903,3.5244,0.018395,27,40
phase4_extent_b,cqa,40,uniform,heterogeneous,3,9.2374,0.433943,3.4704,0.011054,27,40
phase4_extent_b,cqa,40,uniform,heterogeneous,4,5.9771,0.484821,3.4923,0.018027,27,40
phase4_extent_b,cqa,40,uniform,heterogeneous,5,5.0593,0.51196,3.4692,0.021037,27,40
phase4_extent_b,cqa,40,uniform,heterogeneous,6,7.537,0.45469,3.5077,0.017456,27,40
phase4_extent_b,cqa,40,uniform,heterogeneous,7,6.0936,0.482408,3.4964,0.019181,27,40
phase4_extent_b,cqa,40,uniform,heterogeneous,8,6.5692,0.471771,3.5186,0.015796,27,40
phase4_extent_b,cqa,40,uniform,heterogeneous,9,6.8975,0.46531,3.5154,0.016621,27,40
phase4_extent_b,cqa,40,uniform,heterogeneous,10,6.1418,0.480644,3.5363,0.023432,27,40
phase4_extent_b,cqa,40,uniform,heterogeneous,11,5.0678,0.511986,3.4887,0.025738,27,40
phase4_extent_b,cqa,40,uniform,heterogeneous,12,4.7116,0.523744,3.4406,0.0245,27,40
phase4_extent_b,cqa,40,uniform,heterogeneous,13,5.2265,0.505295,3.506,0.023775,27,40
phase4_extent_b,cqa,40,uniform,heterogeneous,14,5.9142,0.486565,3.533,0.020161,27,40
phase4_extent_b,cqa,40,uniform,heterogeneous,15,6.3811,0.476169,3.5247,0.016916,27,40
phase4_extent_b,cqa,40,uniform,heterogeneous,16,6.3441,0.47619,3.4676,0.018455,27,40
phase4_extent_b,cqa,40,uniform,heterogeneous,17,5.662,0.492668,3.4956,0.022519,27,40
phase4_extent_b,cqa,40,uniform,heterogeneous,18,6.0318,0.484109,3.5001,0.022073,27,40
phase4_extent_b,cqa,40,uniform,heterogeneous,19,7.2025,0.460015,3.4642,0.015534,27,40
phase4_extent_b,cqa,40,uniform,heterogeneous,20,6.4197,0.474331,3.4984,0.016114,27,40
phase4_extent_b,tbfq,10,clustered,heterogeneous,1,2.8158,0.426504,3.0164,0.014327,7,10
phase4_extent_b,tbfq,10,clustered,heterogeneous,2,3.153,0.426547,3.0159,0.006763,7,10
phase4_extent_b,tbfq,10,clustered,heterogeneous,3,2.3798,0.425731,3.0248,0.018892,7,10
phase4_extent_b,tbfq,10,clustered,heterogeneous,4,2.7553,0.426338,3.0333,0.010564,7,10
phase4_extent_b,tbfq,10,clustered,heterogeneous,5,2.5725,0.426205,3.0184,0.017607,7,10
phase4_extent_b,tbfq,10,clustered,heterogeneous,6,2.7786,0.426145,3.0051,0.011325,7,10
phase4_extent_b,tbfq,10,clustered,heterogeneous,7,2.6605,0.426099,3.014,0.020815,7,10
phase4_extent_b,tbfq,10,clustered,heterogeneous,8,2.8168,0.426362,3.0114,0.016288,7,10
phase4_extent_b,tbfq,10,clustered,heterogeneous,9,2.7933,0.426343,3.0134,0.012131,7,10
phase4_extent_b,tbfq,10,clustered,heterogeneous,10,3.0442,0.426566,3.0199,0.015331,7,10
phase4_extent_b,tbfq,10,clustered,heterogeneous,11,3.1855,0.426577,3.0042,0.008564,7,10
phase4_extent_b,tbfq,10,clustered,heterogeneous,12,2.9585,0.426592,3.0108,0.010569,7,10
phase4_extent_b,tbfq,10,clustered,heterogeneous,13,2.8414,0.426403,3.0152,0.010283,7,10
phase4_extent_b,tbfq,10,clustered,heterogeneous,14,2.8641,0.426457,3.0067,0.012646,7,10
phase4_extent_b,tbfq,10,clustered,heterogeneous,15,2.8653,0.426545,3.0142,0.009442,7,10
phase4_extent_b,tbfq,10,clustered,heterogeneous,16,3.0349,0.426426,3.0147,0.009245,7,10
phase4_extent_b,tbfq,10,clustered,heterogeneous,17,2.4159,0.425735,3.0094,0.012926,7,10
phase4_extent_b,tbfq,10,clustered,heterogeneous,18,2.742,0.426331,3.011,0.019412,7,10
phase4_extent_b,tbfq,10,clustered,heterogeneous,19,3.3986,0.426793,3.0131,0.009849,7,10
phase4_extent_b,tbfq,10,clustered,heterogeneous,20,2.5967,0.426462,3.0094,0.014807,7,10
phase4_extent_b,tbfq,20,clustered,heterogeneous,1,2.81,0.377723,3.0144,0.012487,14,20
phase4_extent_b,tbfq,20,clustered,heterogeneous,2,2.9858,0.378453,3.0212,0.014651,14,20
phase4_extent_b,tbfq,20,clustered,heterogeneous,3,2.5189,0.377273,3.0198,0.024454,14,20
phase4_extent_b,tbfq,20,clustered,heterogeneous,4,2.6522,0.377256,3.0129,0.020563,14,20
phase4_extent_b,tbfq,20,clustered,heterogeneous,5,3.0047,0.378299,3.0081,0.014886,14,20
phase4_extent_b,tbfq,20,clustered,heterogeneous,6,2.8464,0.377771,3.0065,0.011126,14,20
phase4_extent_b,tbfq,20,clustered,heterogeneous,7,2.6461,0.377441,3.0148,0.020808,14,20
phase4_extent_b,tbfq,20,clustered,heterogeneous,8,3.0443,0.378303,3.0083,0.012924,14,20
phase4_extent_b,tbfq,20,clustered,heterogeneous,9,2.9298,0.378113,3.0109,0.015125,14,20
phase4_extent_b,tbfq,20,clustered,heterogeneous,10,3.1756,0.378411,3.0137,0.014567,14,20
phase4_extent_b,tbfq,20,clustered,heterogeneous,11,2.8504,0.377896,3.0191,0.016085,14,20
phase4_extent_b,tbfq,20,clustered,heterogeneous,12,2.9538,0.377909,3.0323,0.020573,14,20
phase4_extent_b,tbfq,20,clustered,heterogeneous,13,3.1751,0.378749,3.0206,0.010406,14,20
phase4_extent_b,tbfq,20,clustered,heterogeneous,14,2.6705,0.377382,3.0145,0.021011,14,20
phase4_extent_b,tbfq,20,clustered,heterogeneous,15,2.5423,0.377093,3.0113,0.017969,14,20
phase4_extent_b,tbfq,20,clustered,heterogeneous,16,2.7043,0.377593,3.0305,0.017411,14,20
phase4_extent_b,tbfq,20,clustered,heterogeneous,17,2.4332,0.376629,3.0084,0.022646,14,20
phase4_extent_b,tbfq,20,clustered,heterogeneous,18,2.3988,0.376492,3.0161,0.027054,14,20
phase4_extent_b,tbfq,20,clustered,heterogeneous,19,3.178,0.37869,3.0227,0.011726,14,20
phase4_extent_b,tbfq,20,clustered,heterogeneous,20,2.9126,0.378021,3.0121,0.012768,14,20
phase4_extent_b,tbfq,40,clustered,heterogeneous,1,3.2787,0.371189,3.0198,0.017613,27,40
phase4_extent_b,tbfq,40,clustered,heterogeneous,2,3.0062,0.369991,3.0128,0.021811,27,40
phase4_extent_b,tbfq,40,clustered,heterogeneous,3,2.9397,0.369763,3.0142,0.02009,27,40
phase4_extent_b,tbfq,40,clustered,heterogeneous,4,2.9202,0.369526,3.0205,0.022293,27,40
phase4_extent_b,tbfq,40,clustered,heterogeneous,5,2.8452,0.369972,3.0132,0.030577,27,40
phase4_extent_b,tbfq,40,clustered,heterogeneous,6,3.342,0.371229,3.0246,0.015733,27,40
phase4_extent_b,tbfq,40,clustered,heterogeneous,7,2.8959,0.369731,3.0173,0.023932,27,40
phase4_extent_b,tbfq,40,clustered,heterogeneous,8,2.8867,0.369463,3.0123,0.024179,27,40
phase4_extent_b,tbfq,40,clustered,heterogeneous,9,2.9645,0.369581,3.0127,0.029013,27,40
phase4_extent_b,tbfq,40,clustered,heterogeneous,10,3.3836,0.371713,3.0081,0.013125,27,40
phase4_extent_b,tbfq,40,clustered,heterogeneous,11,3.227,0.370971,3.0136,0.017768,27,40
phase4_extent_b,tbfq,40,clustered,heterogeneous,12,3.2004,0.3709,3.011,0.018054,27,40
phase4_extent_b,tbfq,40,clustered,heterogeneous,13,2.7875,0.369109,3.0255,0.027817,27,40
phase4_extent_b,tbfq,40,clustered,heterogeneous,14,2.9799,0.369721,3.0157,0.023173,27,40
phase4_extent_b,tbfq,40,clustered,heterogeneous,15,3.3586,0.371308,3.0182,0.02057,27,40
phase4_extent_b,tbfq,40,clustered,heterogeneous,16,3.2058,0.370399,3.0209,0.021011,27,40
phase4_extent_b,tbfq,40,clustered,heterogeneous,17,3.1362,0.370453,3.0158,0.01973,27,40
phase4_extent_b,tbfq,40,clustered,heterogeneous,18,3.1499,0.370406,3.0129,0.017406,27,40
phase4_extent_b,tbfq,40,clustered,heterogeneous,19,3.1649,0.37071,3.0088,0.022847,27,40
phase4_extent_b,tbfq,40,clustered,heterogeneous,20,3.2463,0.371108,3.0159,0.020331,27,40
phase4_extent_b,tbfq,10,uniform,heterogeneous,1,1.4636,0.423262,3.0143,0.033328,7,10
phase4_extent_b,tbfq,10,uniform,heterogeneous,2,1.9929,0.4251,3.0233,0.036979,7,10
phase4_extent_b,tbfq,10,uniform,heterogeneous,3,2.521,0.425824,3.0124,0.019168,7,10
phase4_extent_b,tbfq,10,uniform,heterogeneous,4,1.7206,0.424292,3.0123,0.029336,7,10
phase4_extent_b,tbfq,10,uniform,heterogeneous,5,1.4749,0.42334,3.0161,0.035727,7,10
phase4_extent_b,tbfq,10,uniform,heterogeneous,6,3.6364,0.426839,3.0054,0.008805,7,10
phase4_extent_b,tbfq,10,uniform,heterogeneous,7,3.0462,0.426584,3.0111,0.008406,7,10
phase4_extent_b,tbfq,10,uniform,heterogeneous,8,2.7118,0.426081,3.0075,0.010323,7,10
phase4_extent_b,tbfq,10,uniform,heterogeneous,9,1.9522,0.424705,3.0062,0.034415,7,10
phase4_extent_b,tbfq,10,uniform,heterogeneous,10,1.9553,0.424772,3.0123,0.029731,7,10
phase4_extent_b,tbfq,10,uniform,heterogeneous,11,2.7006,0.425896,3.0061,0.003202,7,10
phase4_extent_b,tbfq,10,uniform,heterogeneous,12,2.3567,0.425696,3.0102,0.024369,7,10
phase4_extent_b,tbfq,10,uniform,heterogeneous,13,1.6454,0.424179,3.0466,0.037415,7,10
phase4_extent_b,tbfq,10,uniform,heterogeneous,14,2.8239,0.426319,3.0077,0.021128,7,10
phase4_extent_b,tbfq,10,uniform,heterogeneous,15,2.4509,0.425834,3.0072,0.013887,7,10
phase4_extent_b,tbfq,10,uniform,heterogeneous,16,4.4725,0.427645,3.0201,0.002283,8,10
phase4_extent_b,tbfq,10,uniform,heterogeneous,17,1.7715,0.424595,3.0227,0.034092,7,10
phase4_extent_b,tbfq,10,uniform,heterogeneous,18,1.7819,0.424434,3.0321,0.035571,7,10
phase4_extent_b,tbfq,10,uniform,heterogeneous,19,3.1167,0.426451,3.0139,0.013048,7,10
phase4_extent_b,tbfq,10,uniform,heterogeneous,20,3.354,0.426814,3.0023,0.003882,7,10
phase4_extent_b,tbfq,20,uniform,heterogeneous,1,1.5979,0.3727,3.0144,0.037127,14,20
phase4_extent_b,tbfq,20,uniform,heterogeneous,2,2.0707,0.37539,3.0157,0.03069,14,20
phase4_extent_b,tbfq,20,uniform,heterogeneous,3,2.7437,0.377523,3.0051,0.014207,14,20
phase4_extent_b,tbfq,20,uniform,heterogeneous,4,1.8326,0.374046,3.0083,0.02105,14,20
phase4_extent_b,tbfq,20,uniform,heterogeneous,5,1.4681,0.37152,3.0095,0.038289,14,20
phase4_extent_b,tbfq,20,uniform,heterogeneous,6,3.2819,0.378664,3.0139,0.009283,14,20
phase4_extent_b,tbfq,20,uniform,heterogeneous,7,2.3924,0.376572,3.0323,0.019695,14,20
phase4_extent_b,tbfq,20,uniform,heterogeneous,8,2.4362,0.37681,3.0064,0.017088,14,20
phase4_extent_b,tbfq,20,uniform,heterogeneous,9,1.9681,0.374775,3.0199,0.035811,14,20
phase4_extent_b,tbfq,20,uniform,heterogeneous,10,2.092,0.375339,3.0055,0.036969,14,20
phase4_extent_b,tbfq,20,uniform,heterogeneous,11,2.0162,0.375116,3.0105,0.024726,14,20
phase4_extent_b,tbfq,20,uniform,heterogeneous,12,1.8283,0.374235,3.0142,0.044256,14,20
phase4_extent_b,tbfq,20,uniform,heterogeneous,13,1.8692,0.374373,3.0094,0.034528,14,20
phase4_extent_b,tbfq,20,uniform,heterogeneous,14,1.947,0.374812,3.0152,0.034131,14,20
phase4_extent_b,tbfq,20,uniform,heterogeneous,15,2.1474,0.37555,3.0169,0.023491,14,20
phase4_extent_b,tbfq,20,uniform,heterogeneous,16,2.7902,0.37763,3.0284,0.01701,14,20
phase4_extent_b,tbfq,20,uniform,heterogeneous,17,1.4607,0.371335,3.0174,0.052413,14,20
phase4_extent_b,tbfq,20,uniform,heterogeneous,18,1.7341,0.373683,3.012,0.033884,14,20
phase4_extent_b,tbfq,20,uniform,heterogeneous,19,2.9774,0.377905,3.0068,0.015649,14,20
phase4_extent_b,tbfq,20,uniform,heterogeneous,20,3.0265,0.377986,3.0017,0.009041,14,20
phase4_extent_b,tbfq,40,uniform,heterogeneous,1,1.6694,0.360663,3.0123,0.043807,27,40
phase4_extent_b,tbfq,40,uniform,heterogeneous,2,1.9983,0.364475,3.0198,0.037336,27,40
phase4_extent_b,tbfq,40,uniform,heterogeneous,3,3.4036,0.371552,3.0191,0.020491,27,40
phase4_extent_b,tbfq,40,uniform,heterogeneous,4,2.0072,0.364419,3.0124,0.029411,27,40
phase4_extent_b,tbfq,40,uniform,heterogeneous,5,1.6433,0.359819,3.0272,0.041141,27,40
phase4_extent_b,tbfq,40,uniform,heterogeneous,6,2.69,0.368521,3.0073,0.029888,27,40
phase4_extent_b,tbfq,40,uniform,heterogeneous,7,1.9946,0.364203,3.0204,0.033975,27,40
phase4_extent_b,tbfq,40,uniform,heterogeneous,8,2.2652,0.36601,3.0155,0.027539,27,40
phase4_extent_b,tbfq,40,uniform,heterogeneous,9,2.3525,0.366529,3.0082,0.031857,27,40
phase4_extent_b,tbfq,40,uniform,heterogeneous,10,1.9529,0.363608,3.0166,0.051979,27,40
phase4_extent_b,tbfq,40,uniform,heterogeneous,11,1.5924,0.359963,3.0279,0.05022,27,40
phase4_extent_b,tbfq,40,uniform,heterogeneous,12,1.5862,0.359415,3.0219,0.042514,27,40
phase4_extent_b,tbfq,40,uniform,heterogeneous,13,1.6307,0.359972,3.0255,0.049814,27,40
phase4_extent_b,tbfq,40,uniform,heterogeneous,14,1.998,0.364183,3.0126,0.031331,27,40
phase4_extent_b,tbfq,40,uniform,heterogeneous,15,2.0578,0.365127,3.0109,0.037812,27,40
phase4_extent_b,tbfq,40,uniform,heterogeneous,16,2.2188,0.366128,3.0254,0.029694,27,40
phase4_extent_b,tbfq,40,uniform,heterogeneous,17,1.8773,0.362897,3.0252,0.041343,27,40
phase4_extent_b,tbfq,40,uniform,heterogeneous,18,1.9332,0.36356,3.0161,0.046619,27,40
phase4_extent_b,tbfq,40,uniform,heterogeneous,19,2.4983,0.368003,3.0142,0.028175,27,40
phase4_extent_b,tbfq,40,uniform,heterogeneous,20,2.2182,0.366212,3.0149,0.02477,27,40
